label	kind	name	type	dataType	isReadOnly
Application	property	activeViewer	readwrite	Viewer	undefined
Application	property	appName	readwrite	string	undefined
Application	property	areToolTipsEnabled	readwrite	boolean	undefined
Application	property	availableGPUAccelTypes	readwrite	array	undefined
Application	property	buildName	readwrite	string	undefined
Application	property	buildNumber	readwrite	number	undefined
Application	property	ccUserGuid	readwrite	string	undefined
Application	property	disableRendering	readwrite	boolean	undefined
Application	property	disableScriptingProgressDialog	readwrite	boolean	undefined
Application	property	effects	readwrite	array	undefined
Application	property	exitAfterLaunchAndEval	readwrite	boolean	undefined
Application	property	exitCode	readwrite	number	undefined
Application	property	fonts	readwrite	Fonts	undefined
Application	property	getAllowedAppThemes	readwrite	array	undefined
Application	property	getAppTheme	readwrite	string	undefined
Application	property	getUseReducedContrast	readwrite	boolean	undefined
Application	property	internalEffects	readwrite	array	undefined
Application	property	isAnalyticsEnabled	readwrite	boolean	undefined
Application	property	isBeta	readwrite	boolean	undefined
Application	property	isProfessionalVersion	readwrite	boolean	undefined
Application	property	isRenderEngine	readwrite	boolean	undefined
Application	property	isStagingEnvironment	readwrite	boolean	undefined
Application	property	isUISuppressed	readwrite	boolean	undefined
Application	property	isWatchFolder	readwrite	boolean	undefined
Application	property	isoLanguage	readwrite	string	undefined
Application	property	language	readwrite	number	undefined
Application	property	learnPanelContentDirPath	readwrite	string	undefined
Application	property	memoryInUse	readwrite	number	undefined
Application	property	preferences	readwrite	Preferences	undefined
Application	property	project	readwrite	Project	undefined
Application	property	reportErrorOnMissingFrame	readwrite	boolean	undefined
Application	property	saveProjectOnCrash	readwrite	boolean	undefined
Application	property	settings	readwrite	Settings	undefined
Application	property	version	readwrite	string	undefined
Application	property	__proto__	readwrite	Object	undefined
Application	method	activate	method	any	undefined
Application	method	beginSuppressDialogs	method	any	undefined
Application	method	beginUndoGroup	method	any	undefined
Application	method	cancelTask	method	any	undefined
Application	method	cancelTimeout	method	any	undefined
Application	method	dispatchCEPEvent	method	any	undefined
Application	method	download	method	any	undefined
Application	method	endSuppressDialogs	method	any	undefined
Application	method	endUndoGroup	method	any	undefined
Application	method	endWatchFolder	method	any	undefined
Application	method	executeCommand	method	any	undefined
Application	method	findMenuCommandId	method	any	undefined
Application	method	getCCXUserJSONData	method	any	undefined
Application	method	getDebugDatabase	method	any	undefined
Application	method	getenv	method	any	undefined
Application	method	hasDebugDatabaseValue	method	any	undefined
Application	method	injectPresetAnimation	method	any	undefined
Application	method	isBetaFeatureEnabled	method	any	undefined
Application	method	log	method	any	undefined
Application	method	newProject	method	any	undefined
Application	method	newTeamProject	method	any	undefined
Application	method	objectToJSON	method	any	undefined
Application	method	onCEPEvent	method	any	undefined
Application	method	open	method	any	undefined
Application	method	openFast	method	any	undefined
Application	method	openTeamProject	method	any	undefined
Application	method	openTemplate	method	any	undefined
Application	method	parseSwatchFile	method	any	undefined
Application	method	pauseWatchFolder	method	any	undefined
Application	method	purge	method	any	undefined
Application	method	quit	method	any	undefined
Application	method	removeDebugDatabaseEntry	method	any	undefined
Application	method	restart	method	any	undefined
Application	method	scheduleTask	method	any	undefined
Application	method	setDebugDatabase	method	any	undefined
Application	method	setExtensionPersistent	method	any	undefined
Application	method	setMemoryUsageLimits	method	any	undefined
Application	method	setMultiFrameRenderingConfig	method	any	undefined
Application	method	setSavePreferencesOnQuit	method	any	undefined
Application	method	setTimeout	method	any	undefined
Application	method	themeColor	method	any	undefined
Application	method	watchFolder	method	any	undefined
Project	property	activeItem	readwrite	CompItem	undefined
Project	property	bitsPerChannel	readwrite	number	undefined
Project	property	colorManagementSystem	readwrite	number	undefined
Project	property	compensateForSceneReferredProfiles	readwrite	boolean	undefined
Project	property	dirty	readwrite	boolean	undefined
Project	property	displayStartFrame	readwrite	number	undefined
Project	property	expressionEngine	readwrite	string	undefined
Project	property	feetFramesFilmType	readwrite	number	undefined
Project	property	file	readwrite	null	undefined
Project	property	footageTimecodeDisplayStartType	readwrite	number	undefined
Project	property	framesCountType	readwrite	number	undefined
Project	property	framesUseFeetFrames	readwrite	boolean	undefined
Project	property	gpuAccelType	readwrite	number	undefined
Project	property	items	readwrite	ItemCollection	undefined
Project	property	linearBlending	readwrite	boolean	undefined
Project	property	linearizeWorkingSpace	readwrite	boolean	undefined
Project	property	lutInterpolationMethod	readwrite	number	undefined
Project	property	numItems	readwrite	number	undefined
Project	property	ocioConfigurationFile	readwrite	string	undefined
Project	property	renderQueue	readwrite	RenderQueue	undefined
Project	property	revision	readwrite	number	undefined
Project	property	rootFolder	readwrite	FolderItem	undefined
Project	property	selection	readwrite	array	undefined
Project	property	timeDisplayType	readwrite	number	undefined
Project	property	toolType	readwrite	number	undefined
Project	property	transparencyGridThumbnails	readwrite	boolean	undefined
Project	property	usedFonts	readwrite	array	undefined
Project	property	workingGamma	readwrite	number	undefined
Project	property	workingSpace	readwrite	string	undefined
Project	property	xmpPacket	readwrite	string	undefined
Project	property	__proto__	readwrite	Object	undefined
Project	method	autoFixExpressions	method	any	undefined
Project	method	close	method	any	undefined
Project	method	closeTeamProject	method	any	undefined
Project	method	consolidateFootage	method	any	undefined
Project	method	convertTeamProjectToProject	method	any	undefined
Project	method	createComp	method	any	undefined
Project	method	importFile	method	any	undefined
Project	method	importFileWithDialog	method	any	undefined
Project	method	importPlaceholder	method	any	undefined
Project	method	isAnyTeamProjectOpen	method	any	undefined
Project	method	isLoggedInToTeamProject	method	any	undefined
Project	method	isResolveCommandEnabled	method	any	undefined
Project	method	isShareCommandEnabled	method	any	undefined
Project	method	isSyncCommandEnabled	method	any	undefined
Project	method	isTeamProjectEnabled	method	any	undefined
Project	method	isTeamProjectOpen	method	any	undefined
Project	method	item	method	any	undefined
Project	method	itemByID	method	any	undefined
Project	method	layerByID	method	any	undefined
Project	method	listColorProfiles	method	any	undefined
Project	method	listTeamProjects	method	any	undefined
Project	method	newTeamProject	method	any	undefined
Project	method	openTeamProject	method	any	undefined
Project	method	placeAsset	method	any	undefined
Project	method	reduceProject	method	any	undefined
Project	method	removeUnusedFootage	method	any	undefined
Project	method	replaceFont	method	any	undefined
Project	method	resolveConflict	method	any	undefined
Project	method	save	method	any	undefined
Project	method	saveWithDialog	method	any	undefined
Project	method	serializeToXML	method	any	undefined
Project	method	setDefaultImportFolder	method	any	undefined
Project	method	shareTeamProject	method	any	undefined
Project	method	showWindow	method	any	undefined
Project	method	syncTeamProject	method	any	undefined
CompItem	property	activeCamera	readwrite	null	undefined
CompItem	property	bgColor	readwrite	array	undefined
CompItem	property	comment	readwrite	string	undefined
CompItem	property	counters	readwrite	boolean	undefined
CompItem	property	displayStartFrame	readwrite	number	undefined
CompItem	property	displayStartTime	readwrite	number	undefined
CompItem	property	draft3d	readwrite	boolean	undefined
CompItem	property	dropFrame	readwrite	boolean	undefined
CompItem	property	duration	readwrite	number	undefined
CompItem	property	dynamicLinkGUID	readwrite	string	undefined
CompItem	property	footageMissing	readwrite	boolean	undefined
CompItem	property	frameBlending	readwrite	boolean	undefined
CompItem	property	frameDuration	readwrite	number	undefined
CompItem	property	frameRate	readwrite	number	undefined
CompItem	property	frameTime	readwrite	number	undefined
CompItem	property	guides	readwrite	array	undefined
CompItem	property	hasAudio	readwrite	boolean	undefined
CompItem	property	hasVideo	readwrite	boolean	undefined
CompItem	property	height	readwrite	number	undefined
CompItem	property	hideShyLayers	readwrite	boolean	undefined
CompItem	property	id	readwrite	number	undefined
CompItem	property	isMediaReplacementCompatible	readwrite	boolean	undefined
CompItem	property	label	readwrite	number	undefined
CompItem	property	layers	readwrite	LayerCollection	undefined
CompItem	property	markerProperty	readwrite	Property	undefined
CompItem	property	motionBlur	readwrite	boolean	undefined
CompItem	property	motionBlurAdaptiveSampleLimit	readwrite	number	undefined
CompItem	property	motionBlurSamplesPerFrame	readwrite	number	undefined
CompItem	property	motionGraphicsTemplateControllerCount	readwrite	number	undefined
CompItem	property	motionGraphicsTemplateName	readwrite	string	undefined
CompItem	property	name	readwrite	string	undefined
CompItem	property	numLayers	readwrite	number	undefined
CompItem	property	parentFolder	readwrite	FolderItem	undefined
CompItem	property	pixelAspect	readwrite	number	undefined
CompItem	property	preserveNestedFrameRate	readwrite	boolean	undefined
CompItem	property	preserveNestedResolution	readwrite	boolean	undefined
CompItem	property	proxySource	readwrite	null	undefined
CompItem	property	renderer	readwrite	string	undefined
CompItem	property	renderers	readwrite	array	undefined
CompItem	property	resolutionFactor	readwrite	array	undefined
CompItem	property	selected	readwrite	boolean	undefined
CompItem	property	selectedLayers	readwrite	array	undefined
CompItem	property	selectedProperties	readwrite	array	undefined
CompItem	property	shutterAngle	readwrite	number	undefined
CompItem	property	shutterPhase	readwrite	number	undefined
CompItem	property	time	readwrite	number	undefined
CompItem	property	typeName	readwrite	string	undefined
CompItem	property	useProxy	readwrite	boolean	undefined
CompItem	property	usedIn	readwrite	array	undefined
CompItem	property	width	readwrite	number	undefined
CompItem	property	workAreaDuration	readwrite	number	undefined
CompItem	property	workAreaStart	readwrite	number	undefined
CompItem	property	__proto__	readwrite	Object	undefined
CompItem	method	addGuide	method	any	undefined
CompItem	method	applyPreset	method	any	undefined
CompItem	method	doContentAwareFill	method	any	undefined
CompItem	method	duplicate	method	any	undefined
CompItem	method	exportAsMotionGraphicsTemplate	method	any	undefined
CompItem	method	getGuideAsObject	method	any	undefined
CompItem	method	getMotionGraphicsTemplateControllerName	method	any	undefined
CompItem	method	getRenderGUID	method	any	undefined
CompItem	method	layer	method	any	undefined
CompItem	method	openInEssentialGraphics	method	any	undefined
CompItem	method	openInViewer	method	any	undefined
CompItem	method	ramPreviewTest	method	any	undefined
CompItem	method	remove	method	any	undefined
CompItem	method	removeGuide	method	any	undefined
CompItem	method	renderFrame	method	any	undefined
CompItem	method	saveDraftFrameToPng	method	any	undefined
CompItem	method	saveFrameToPng	method	any	undefined
CompItem	method	savePreset	method	any	undefined
CompItem	method	setGuide	method	any	undefined
CompItem	method	setMotionGraphicsControllerName	method	any	undefined
CompItem	method	setProxy	method	any	undefined
CompItem	method	setProxyToNone	method	any	undefined
CompItem	method	setProxyWithPlaceholder	method	any	undefined
CompItem	method	setProxyWithSequence	method	any	undefined
CompItem	method	setProxyWithSolid	method	any	undefined
AVLayer	property	active	readwrite	boolean	undefined
AVLayer	property	adjustmentLayer	readwrite	boolean	undefined
AVLayer	property	audioActive	readwrite	boolean	undefined
AVLayer	property	audioEnabled	readwrite	boolean	undefined
AVLayer	property	autoOrient	readwrite	number	undefined
AVLayer	property	blendingMode	readwrite	number	undefined
AVLayer	property	canSetCollapseTransformation	readwrite	boolean	undefined
AVLayer	property	canSetEnabled	readwrite	boolean	undefined
AVLayer	property	canSetTimeRemapEnabled	readwrite	boolean	undefined
AVLayer	property	collapseTransformation	readwrite	boolean	undefined
AVLayer	property	comment	readwrite	string	undefined
AVLayer	property	containingComp	readwrite	CompItem	undefined
AVLayer	property	effectsActive	readwrite	boolean	undefined
AVLayer	property	elided	readwrite	boolean	undefined
AVLayer	property	enabled	readwrite	boolean	undefined
AVLayer	property	environmentLayer	readwrite	boolean	undefined
AVLayer	property	frameBlending	readwrite	boolean	undefined
AVLayer	property	frameBlendingType	readwrite	number	undefined
AVLayer	property	guideLayer	readwrite	boolean	undefined
AVLayer	property	guides	readwrite	array	undefined
AVLayer	property	hasAudio	readwrite	boolean	undefined
AVLayer	property	hasTrackMatte	readwrite	boolean	undefined
AVLayer	property	hasVideo	readwrite	boolean	undefined
AVLayer	property	height	readwrite	number	undefined
AVLayer	property	id	readwrite	number	undefined
AVLayer	property	inPoint	readwrite	number	undefined
AVLayer	property	index	readwrite	number	undefined
AVLayer	property	isEffect	readwrite	boolean	undefined
AVLayer	property	isMask	readwrite	boolean	undefined
AVLayer	property	isModified	readwrite	boolean	undefined
AVLayer	property	isNameFromSource	readwrite	boolean	undefined
AVLayer	property	isNameSet	readwrite	boolean	undefined
AVLayer	property	isTrackMatte	readwrite	boolean	undefined
AVLayer	property	label	readwrite	number	undefined
AVLayer	property	lightSource	readwrite		undefined
AVLayer	property	lightType	readwrite		undefined
AVLayer	property	locked	readwrite	boolean	undefined
AVLayer	property	matchName	readwrite	string	undefined
AVLayer	property	motionBlur	readwrite	boolean	undefined
AVLayer	property	name	readwrite	string	undefined
AVLayer	property	nullLayer	readwrite	boolean	undefined
AVLayer	property	numProperties	readwrite	number	undefined
AVLayer	property	outPoint	readwrite	number	undefined
AVLayer	property	parent	readwrite	null	undefined
AVLayer	property	parentProperty	readwrite	null	undefined
AVLayer	property	preserveTransparency	readwrite	boolean	undefined
AVLayer	property	propertyDepth	readwrite	number	undefined
AVLayer	property	propertyType	readwrite	number	undefined
AVLayer	property	quality	readwrite	number	undefined
AVLayer	property	samplingQuality	readwrite	number	undefined
AVLayer	property	selected	readwrite	boolean	undefined
AVLayer	property	selectedProperties	readwrite	array	undefined
AVLayer	property	shy	readwrite	boolean	undefined
AVLayer	property	solo	readwrite	boolean	undefined
AVLayer	property	source	readwrite	FootageItem	undefined
AVLayer	property	startTime	readwrite	number	undefined
AVLayer	property	stretch	readwrite	number	undefined
AVLayer	property	threeDLayer	readwrite	boolean	undefined
AVLayer	property	threeDPerChar	readwrite	boolean	undefined
AVLayer	property	time	readwrite	number	undefined
AVLayer	property	timeRemapEnabled	readwrite	boolean	undefined
AVLayer	property	trackMatteLayer	readwrite	null	undefined
AVLayer	property	trackMatteType	readwrite	number	undefined
AVLayer	property	width	readwrite	number	undefined
AVLayer	property	__proto__	readwrite	Object	undefined
AVLayer	method		method	any	undefined
AVLayer	method	==	method	any	undefined
AVLayer	method	activeAtTime	method	any	undefined
AVLayer	method	addGuide	method	any	undefined
AVLayer	method	addProperty	method	any	undefined
AVLayer	method	addToMotionGraphicsTemplate	method	any	undefined
AVLayer	method	addToMotionGraphicsTemplateAs	method	any	undefined
AVLayer	method	addVariableFontAxis	method	any	undefined
AVLayer	method	applyPreset	method	any	undefined
AVLayer	method	audioActiveAtTime	method	any	undefined
AVLayer	method	calculateTransformFromPoints	method	any	undefined
AVLayer	method	canAddProperty	method	any	undefined
AVLayer	method	canAddToMotionGraphicsTemplate	method	any	undefined
AVLayer	method	compPointToSource	method	any	undefined
AVLayer	method	copyToComp	method	any	undefined
AVLayer	method	doSceneEditDetection	method	any	undefined
AVLayer	method	duplicate	method	any	undefined
AVLayer	method	getGuideAsObject	method	any	undefined
AVLayer	method	getRenderGUID	method	any	undefined
AVLayer	method	moveAfter	method	any	undefined
AVLayer	method	moveBefore	method	any	undefined
AVLayer	method	moveTo	method	any	undefined
AVLayer	method	moveToBeginning	method	any	undefined
AVLayer	method	moveToEnd	method	any	undefined
AVLayer	method	openInViewer	method	any	undefined
AVLayer	method	property	method	any	undefined
AVLayer	method	propertyGroup	method	any	undefined
AVLayer	method	remove	method	any	undefined
AVLayer	method	removeGuide	method	any	undefined
AVLayer	method	removeTrackMatte	method	any	undefined
AVLayer	method	replaceSource	method	any	undefined
AVLayer	method	savePreset	method	any	undefined
AVLayer	method	setGuide	method	any	undefined
AVLayer	method	setParentWithJump	method	any	undefined
AVLayer	method	setTrackMatte	method	any	undefined
AVLayer	method	sourcePointToComp	method	any	undefined
AVLayer	method	sourceRectAtTime	method	any	undefined
AVLayer	method	splitLayer	method	any	undefined
EffectParade	property	active	readwrite	boolean	undefined
EffectParade	property	canSetEnabled	readwrite	boolean	undefined
EffectParade	property	elided	readwrite	boolean	undefined
EffectParade	property	enabled	readwrite	boolean	undefined
EffectParade	property	isEffect	readwrite	boolean	undefined
EffectParade	property	isMask	readwrite	boolean	undefined
EffectParade	property	isModified	readwrite	boolean	undefined
EffectParade	property	matchName	readwrite	string	undefined
EffectParade	property	name	readwrite	string	undefined
EffectParade	property	numProperties	readwrite	number	undefined
EffectParade	property	parentProperty	readwrite	AVLayer	undefined
EffectParade	property	propertyDepth	readwrite	number	undefined
EffectParade	property	propertyIndex	readwrite	number	undefined
EffectParade	property	propertyType	readwrite	number	undefined
EffectParade	property	selected	readwrite	boolean	undefined
EffectParade	property	__proto__	readwrite	Object	undefined
EffectParade	method		method	any	undefined
EffectParade	method	==	method	any	undefined
EffectParade	method	addProperty	method	any	undefined
EffectParade	method	addToMotionGraphicsTemplate	method	any	undefined
EffectParade	method	addToMotionGraphicsTemplateAs	method	any	undefined
EffectParade	method	addVariableFontAxis	method	any	undefined
EffectParade	method	canAddProperty	method	any	undefined
EffectParade	method	canAddToMotionGraphicsTemplate	method	any	undefined
EffectParade	method	duplicate	method	any	undefined
EffectParade	method	moveTo	method	any	undefined
EffectParade	method	property	method	any	undefined
EffectParade	method	propertyGroup	method	any	undefined
EffectParade	method	remove	method	any	undefined
GaussianBlur	property	active	readwrite	boolean	undefined
GaussianBlur	property	canSetEnabled	readwrite	boolean	undefined
GaussianBlur	property	elided	readwrite	boolean	undefined
GaussianBlur	property	enabled	readwrite	boolean	undefined
GaussianBlur	property	isEffect	readwrite	boolean	undefined
GaussianBlur	property	isMask	readwrite	boolean	undefined
GaussianBlur	property	isModified	readwrite	boolean	undefined
GaussianBlur	property	matchName	readwrite	string	undefined
GaussianBlur	property	name	readwrite	string	undefined
GaussianBlur	property	numProperties	readwrite	number	undefined
GaussianBlur	property	parentProperty	readwrite	PropertyGroup	undefined
GaussianBlur	property	propertyDepth	readwrite	number	undefined
GaussianBlur	property	propertyIndex	readwrite	number	undefined
GaussianBlur	property	propertyType	readwrite	number	undefined
GaussianBlur	property	selected	readwrite	boolean	undefined
GaussianBlur	property	__proto__	readwrite	Object	undefined
GaussianBlur	method		method	any	undefined
GaussianBlur	method	==	method	any	undefined
GaussianBlur	method	addProperty	method	any	undefined
GaussianBlur	method	addToMotionGraphicsTemplate	method	any	undefined
GaussianBlur	method	addToMotionGraphicsTemplateAs	method	any	undefined
GaussianBlur	method	addVariableFontAxis	method	any	undefined
GaussianBlur	method	canAddProperty	method	any	undefined
GaussianBlur	method	canAddToMotionGraphicsTemplate	method	any	undefined
GaussianBlur	method	duplicate	method	any	undefined
GaussianBlur	method	moveTo	method	any	undefined
GaussianBlur	method	property	method	any	undefined
GaussianBlur	method	propertyGroup	method	any	undefined
GaussianBlur	method	remove	method	any	undefined
Fill	property	active	readwrite	boolean	undefined
Fill	property	canSetEnabled	readwrite	boolean	undefined
Fill	property	elided	readwrite	boolean	undefined
Fill	property	enabled	readwrite	boolean	undefined
Fill	property	isEffect	readwrite	boolean	undefined
Fill	property	isMask	readwrite	boolean	undefined
Fill	property	isModified	readwrite	boolean	undefined
Fill	property	matchName	readwrite	string	undefined
Fill	property	name	readwrite	string	undefined
Fill	property	numProperties	readwrite	number	undefined
Fill	property	parentProperty	readwrite	PropertyGroup	undefined
Fill	property	propertyDepth	readwrite	number	undefined
Fill	property	propertyIndex	readwrite	number	undefined
Fill	property	propertyType	readwrite	number	undefined
Fill	property	selected	readwrite	boolean	undefined
Fill	property	__proto__	readwrite	Object	undefined
Fill	method		method	any	undefined
Fill	method	==	method	any	undefined
Fill	method	addProperty	method	any	undefined
Fill	method	addToMotionGraphicsTemplate	method	any	undefined
Fill	method	addToMotionGraphicsTemplateAs	method	any	undefined
Fill	method	addVariableFontAxis	method	any	undefined
Fill	method	canAddProperty	method	any	undefined
Fill	method	canAddToMotionGraphicsTemplate	method	any	undefined
Fill	method	duplicate	method	any	undefined
Fill	method	moveTo	method	any	undefined
Fill	method	property	method	any	undefined
Fill	method	propertyGroup	method	any	undefined
Fill	method	remove	method	any	undefined
Tint	property	active	readwrite	boolean	undefined
Tint	property	canSetEnabled	readwrite	boolean	undefined
Tint	property	elided	readwrite	boolean	undefined
Tint	property	enabled	readwrite	boolean	undefined
Tint	property	isEffect	readwrite	boolean	undefined
Tint	property	isMask	readwrite	boolean	undefined
Tint	property	isModified	readwrite	boolean	undefined
Tint	property	matchName	readwrite	string	undefined
Tint	property	name	readwrite	string	undefined
Tint	property	numProperties	readwrite	number	undefined
Tint	property	parentProperty	readwrite	PropertyGroup	undefined
Tint	property	propertyDepth	readwrite	number	undefined
Tint	property	propertyIndex	readwrite	number	undefined
Tint	property	propertyType	readwrite	number	undefined
Tint	property	selected	readwrite	boolean	undefined
Tint	property	__proto__	readwrite	Object	undefined
Tint	method		method	any	undefined
Tint	method	==	method	any	undefined
Tint	method	addProperty	method	any	undefined
Tint	method	addToMotionGraphicsTemplate	method	any	undefined
Tint	method	addToMotionGraphicsTemplateAs	method	any	undefined
Tint	method	addVariableFontAxis	method	any	undefined
Tint	method	canAddProperty	method	any	undefined
Tint	method	canAddToMotionGraphicsTemplate	method	any	undefined
Tint	method	duplicate	method	any	undefined
Tint	method	moveTo	method	any	undefined
Tint	method	property	method	any	undefined
Tint	method	propertyGroup	method	any	undefined
Tint	method	remove	method	any	undefined
RenderQueue	property	canQueueInAME	readwrite	boolean	undefined
RenderQueue	property	firstError	readwrite	string	undefined
RenderQueue	property	items	readwrite	RQItemCollection	undefined
RenderQueue	property	lastError	readwrite	string	undefined
RenderQueue	property	numItems	readwrite	number	undefined
RenderQueue	property	queueNotify	readwrite	boolean	undefined
RenderQueue	property	rendering	readwrite	boolean	undefined
RenderQueue	property	__proto__	readwrite	Object	undefined
RenderQueue	method	item	method	any	undefined
RenderQueue	method	pauseRendering	method	any	undefined
RenderQueue	method	queueInAME	method	any	undefined
RenderQueue	method	render	method	any	undefined
RenderQueue	method	renderAsync	method	any	undefined
RenderQueue	method	showWindow	method	any	undefined
RenderQueue	method	stopRendering	method	any	undefined
RenderQueueItem	property	comment	readwrite	string	undefined
RenderQueueItem	property	comp	readwrite	CompItem	undefined
RenderQueueItem	property	elapsedSeconds	readwrite	number	undefined
RenderQueueItem	property	logType	readwrite	number	undefined
RenderQueueItem	property	numOutputModules	readwrite	number	undefined
RenderQueueItem	property	outputModules	readwrite	OMCollection	undefined
RenderQueueItem	property	queueItemNotify	readwrite	boolean	undefined
RenderQueueItem	property	render	readwrite	boolean	undefined
RenderQueueItem	property	skipFrames	readwrite	number	undefined
RenderQueueItem	property	startTime	readwrite	null	undefined
RenderQueueItem	property	status	readwrite	number	undefined
RenderQueueItem	property	templates	readwrite	array	undefined
RenderQueueItem	property	timeSpanDuration	readwrite	number	undefined
RenderQueueItem	property	timeSpanStart	readwrite	number	undefined
RenderQueueItem	property	__proto__	readwrite	Object	undefined
RenderQueueItem	method	applyTemplate	method	any	undefined
RenderQueueItem	method	duplicate	method	any	undefined
RenderQueueItem	method	getSetting	method	any	undefined
RenderQueueItem	method	getSettings	method	any	undefined
RenderQueueItem	method	onComplete	method	any	undefined
RenderQueueItem	method	onReorder	method	any	undefined
RenderQueueItem	method	onStatus	method	any	undefined
RenderQueueItem	method	outputModule	method	any	undefined
RenderQueueItem	method	remove	method	any	undefined
RenderQueueItem	method	saveAsTemplate	method	any	undefined
RenderQueueItem	method	setSetting	method	any	undefined
RenderQueueItem	method	setSettings	method	any	undefined
OutputModule	property	file	readwrite	File	undefined
OutputModule	property	includeSourceXMP	readwrite	boolean	undefined
OutputModule	property	name	readwrite	string	undefined
OutputModule	property	postRenderAction	readwrite	number	undefined
OutputModule	property	templates	readwrite	array	undefined
OutputModule	property	__proto__	readwrite	Object	undefined
OutputModule	method	applyTemplate	method	any	undefined
OutputModule	method	getSetting	method	any	undefined
OutputModule	method	getSettings	method	any	undefined
OutputModule	method	normalizeSettings	method	any	undefined
OutputModule	method	remove	method	any	undefined
OutputModule	method	saveAsTemplate	method	any	undefined
OutputModule	method	setSetting	method	any	undefined
OutputModule	method	setSettings	method	any	undefined
