39564	1	BEGIN	old_master	10
39564	1	VOLUME_BEFORE	BEE_Eval	5
39564	1	VOLUME_AFTER	BEE_Eval	5
39564	1	VOLUME_BEFORE	BEE_Cache	5
39564	1	VOLUME_AFTER	BEE_Cache	5
39564	1	VOLUME_BEFORE	BEE_CacheLog	5
39564	1	VOLUME_AFTER	BEE_CacheLog	5
39564	1	VOLUME_BEFORE	BEE_WorkQueue	5
39564	1	VOLUME_AFTER	BEE_WorkQueue	5
39564	1	VOLUME_BEFORE	MixHashGuid	5
39564	1	VOLUME_AFTER	MixHashGuid	5
39564	1	VOLUME_BEFORE	RenderNode.RG_CacheNodeBase	5
39564	1	VOLUME_AFTER	RenderNode.RG_CacheNodeBase	5
39564	1	VOLUME_BEFORE	RenderNode.RG_XformNode	5
39564	1	VOLUME_AFTER	RenderNode.RG_XformNode	5
39564	1	VOLUME_BEFORE	TDB_StreamBase	5
39564	1	VOLUME_AFTER	TDB_StreamBase	5
39564	1	VOLUME_BEFORE	DiskCache	5
39564	1	VOLUME_AFTER	DiskCache	5
39564	1	END	restored	1
32136	1	BEGIN	old_master	10
32136	1	VOLUME_BEFORE	BEE_Eval	5
32136	1	VOLUME_AFTER	BEE_Eval	5
32136	1	VOLUME_BEFORE	BEE_Cache	5
32136	1	VOLUME_AFTER	BEE_Cache	5
32136	1	VOLUME_BEFORE	BEE_CacheLog	5
32136	1	VOLUME_AFTER	BEE_CacheLog	5
32136	1	VOLUME_BEFORE	BEE_WorkQueue	5
32136	1	VOLUME_AFTER	BEE_WorkQueue	5
32136	1	VOLUME_BEFORE	MixHashGuid	5
32136	1	VOLUME_AFTER	MixHashGuid	5
32136	1	VOLUME_BEFORE	RenderNode.RG_CacheNodeBase	5
32136	1	VOLUME_AFTER	RenderNode.RG_CacheNodeBase	5
32136	1	VOLUME_BEFORE	RenderNode.RG_XformNode	5
32136	1	VOLUME_AFTER	RenderNode.RG_XformNode	5
32136	1	VOLUME_BEFORE	TDB_StreamBase	5
32136	1	VOLUME_AFTER	TDB_StreamBase	5
32136	1	VOLUME_BEFORE	DiskCache	5
32136	1	VOLUME_AFTER	DiskCache	5
32136	1	END	restored	1
