path,lines,bytes,marker_hits,internal_markers
Headers\PrSDKAcceleratedRender.h,722,32147,408,0
Headers\PrSDKVideoSegmentRenderSuite.h,698,34363,319,0
Headers\PrSDKAESupport.h,1695,52717,209,2
Headers\PrSDKImport.h,1981,86852,147,4
Headers\PrGPU\KernelSupport\KernelCore.h,623,23926,142,0
Headers\PrSDKSequenceRenderSuite.h,385,12095,119,0
Projects\GPUVideoFilter\SDK_CrossDissolve\SDK_CrossDissolve_GPU.cpp,626,19839,103,0
Projects\GPUVideoFilter\Vignette\Vignette_GPU.cpp,565,18634,94,0
Headers\PrSDKPPixCacheSuite.h,542,24165,86,0
Projects\GPUVideoFilter\SDK_ProcAmp\SDK_ProcAmp_GPU.cpp,391,13729,79,0
Projects\SDK_File_Import\SDK_Async_Import.cpp,521,17590,77,0
Headers\PrSDKRecordModule.h,835,37851,76,0
Headers\PrSDKGPUDeviceSuite.h,201,6334,71,0
Projects\SDK_Custom_Import\SDK_Custom_Import.cpp,1097,33575,70,0
Headers\PrSDKDevice.h,314,14197,67,0
Projects\SDK_File_Import\SDK_File_Import.cpp,1823,54088,66,0
Headers\PrSDKGPUFilter.h,239,7750,66,0
Headers\PrSDKPlayModule.h,1173,52350,65,0
Headers\PrSDKVideoSegmentSuite.h,571,20132,65,0
Projects\GPUVideoFilter\Utils\PrGPUFilterModule.h,331,8745,64,0
Utils\SDK_Segment_Utils.cpp,919,28655,63,0
Utils\SDK_File.cpp,1393,42610,61,0
Headers\PrSDKMemoryManagerSuite.h,223,5925,56,0
Headers\AEGP_SuiteHandler.h,590,43067,53,0
Projects\SDK_Exporter\SDK_Exporter.cpp,563,20662,51,0
Headers\PrSDKAsyncImporter.h,193,6695,51,0
Headers\PrSDKAcceleratedRenderInvocationSuite.h,156,4899,51,0
Headers\PrSDKThreadedWorkSuite.h,182,6953,50,0
Headers\PrSDKExport.h,501,22750,45,2
Projects\GPUVideoFilter\Utils\DirectXUtils.cpp,359,14359,44,1
Headers\PrSDKSequenceAudioSuite.h,208,6870,44,0
Headers\PrSDKMALErrors.h,250,10607,41,3
Headers\SPSuites.h,284,11371,37,39
Headers\PrGPU\KernelSupport\FloatingPoint.h,199,4628,36,0
Headers\SPCaches.h,128,4887,35,2
Headers\SPPlugs.h,397,17402,33,30
Headers\SPAdapts.h,406,17111,32,19
Headers\PrGPU\KernelSupport\KernelWrapper.h,199,7253,32,0
Headers\SPProps.h,316,14211,31,16
Projects\Transmitter\TransmitterPlugin.cpp,753,24378,31,0
Headers\PrSDKPlayModuleAudioSuite.h,511,22246,28,0
Headers\PrSDKSequenceInfoSuite.h,213,6938,28,0
Headers\PrGPU\KernelSupport\KernelMemory.h,276,5511,27,0
Headers\PrSDKAsyncFileReaderSuite.h,93,3149,26,0
Projects\Transmitter\Transmitter.cpp,311,8616,24,0
Headers\PrSDKClipRenderSuite.h,237,8269,24,0
Headers\PrSDKPlayModuleDeviceControlSuite.h,106,3534,24,0
Headers\PrSDKCaptionStreamFormat.h,64,3067,24,0
Headers\SPAccess.h,405,15160,22,13
Headers\PrSDKTransmit.h,475,14417,22,0
Headers\PrSDKVideoSegmentProperties.h,406,16417,21,0
Headers\PrSDKImporterShared.h,129,5268,21,0
Headers\PrSDKPlayModuleOverlaySuite.h,239,8709,20,0
Headers\PrSDKTypes.h,503,11057,19,1
Headers\PrSDKPlugTimeline.h,283,10416,19,0
Headers\PrSDKGPUImageProcessingSuite.h,132,3691,19,0
Projects\GPUVideoFilter\Vignette\Vignette_CPU.cpp,940,25127,18,0
Utils\SDK_File.h,318,11443,17,0
Headers\PrSDKAsyncOperationSuite.h,88,2965,17,0
Headers\SPFiles.h,292,11381,16,15
Headers\PrSDKPiPL.r,1083,34036,16,2
Headers\PrSDKEffect.h,315,10600,15,0
Headers\PrSDKStructs.h,189,6513,15,0
Headers\SPBasic.h,189,6960,13,8
Headers\SPPiPL.h,299,10875,13,5
Headers\PrSDKOpaqueEffectDataSuite.h,123,5208,13,4
Projects\ExportController\ExportController.cpp,302,9063,13,0
Headers\PrSDKSmartRenderingSuite.h,90,3925,13,0
Projects\SDK_Exporter\SDK_Exporter_Params.cpp,818,31044,12,0
Headers\PrGPU\KernelSupport\KernelHalf.h,123,1848,12,0
Headers\PrSDKLegacySuite.h,105,3479,12,0
Projects\Transmitter\TransmitterPlugin.h,219,6289,11,0
Headers\PrSDKPlugMemory.h,78,2929,11,0
Projects\SDK_File_Import\SDK_Async_Import.h,59,2419,11,0
Headers\PrSDKRenderCacheType.h,47,2392,11,0
Headers\SPErrorCodes.h,172,6048,10,2
Headers\PrSDKExportInfoSuite.h,151,6543,10,1
Projects\ControlSurface\Src\ControlSurface.cpp,701,27113,10,0
Headers\PrSDKPPixCreator2Suite.h,238,10403,10,0
Headers\PrSDKMarkerSuite.h,218,8344,10,0
Headers\PrSDKMediaAcceleratorSuite.h,137,4976,9,0
Headers\PrSDKExporterUtilitySuite.h,99,3935,9,0
Headers\PrSDKQuality.h,68,2505,9,0
Headers\AE_CacheOnLoadSuite.h,39,1874,9,0
Headers\PrSDKPPixSuite.h,170,5455,8,0
Headers\PrSDKErrorSuite.h,158,5346,7,0
Utils\SDK_Segment_Utils.h,125,4128,7,0
Projects\GPUVideoFilter\Utils\DirectXUtils.h,113,4016,7,0
Headers\PrSDKExportControllerSuite.h,96,3518,7,0
Headers\AEConfig.h,90,2462,7,0
Headers\PrSDKSetEnv.h,82,2661,7,0
Headers\PrSDKDeferredProcessingSuite.h,78,2805,7,0
Headers\SPStrngs.h,132,4895,6,1
Projects\ControlSurface\Src\ControlSurfacePlugin.cpp,331,11307,6,0
Headers\PrSDKColorSpaces.h,106,6299,6,0
Headers\PrSDKExportParamSuite.h,508,18187,5,0
Headers\PrSDKPPix2Suite.h,144,6043,5,0
Projects\ControlSurface\Src\ControlSurface.h,134,6378,5,0
Headers\PrSDKColorProfile.h,86,3030,5,0
Headers\PrSDKImporterFileManagerSuite.h,78,3079,5,0
Headers\PrSDKPlugPPix.h,71,2941,5,0
Headers\adobesdk\config\PreConfig.h,23,1049,4,1
Projects\SDK_File_Import\SDK_File_Import.h,216,5602,4,0
Projects\GPUVideoFilter\SDK_CrossDissolve\SDK_CrossDissolve_CPU.cpp,198,6642,4,0
Headers\PrSDKExportController.h,130,4832,4,0
Projects\SDK_Custom_Import\SDK_Custom_Import.h,120,3628,4,0
Headers\PrSDKPlugUtilities.h,98,3768,4,0
Headers\PrSDKExportStdParamSuite.h,75,2720,4,0
Headers\SPTypes.h,191,4266,3,1
Headers\PrSDKCaptioningSuite.h,313,14320,3,0
Headers\PrSDKAudioSuite.h,262,12297,3,0
Projects\GPUVideoFilter\SDK_ProcAmp\SDK_ProcAmp_CPU.cpp,206,5615,3,0
Headers\PrSDKTimeSuite.h,140,4376,3,0
Headers\PrSDKColorManagementSuite.h,129,4207,3,0
Headers\PrSDKRollCrawlSuite.h,126,4963,3,0
Headers\PrSDKExportProgressSuite.h,121,3937,3,0
Headers\PrSDKPlugSuites.h,91,2773,3,0
Headers\adobesdk\controlsurface\plugin\ControlSurfaceCommandSuite.h,74,3312,3,0
Projects\GPUVideoFilter\Vignette\VignetteGPU.h,41,1775,3,0
Projects\SDK_Custom_Import\SDK_Custom_ImportPiPL.r,58,2067,2,1
Projects\Synth_Import\Synth_ImportPiPL.r,57,2070,2,1
Projects\Synth_Import\Synth_Import.cpp,278,8691,2,0
Headers\adobesdk\controlsurface\ControlSurfaceTypes.h,245,9419,2,0
Headers\PrSDKPixelFormat.h,205,18136,2,0
Headers\AEFX_SuiteHelper.h,157,3668,2,0
Headers\PrSDKImageProcessingSuite.h,151,4647,2,0
Headers\PrSDKFlashCueMarkerDataSuite.h,116,4455,2,0
Headers\PrSDKEntry.h,65,2249,2,0
Projects\SDK_Exporter\SDK_Exporter.h,65,2572,2,0
Headers\PrSDKStreamLabelEffectSuite.h,49,2305,2,0
Headers\SPConfig.h,83,2364,1,1
Headers\SPMData.h,66,2403,1,1
Headers\adobesdk\controlsurface\host\ControlSurfaceHostMixerSuite.h,293,11937,1,0
Headers\adobesdk\controlsurface\host\ControlSurfaceHostTransportSuite.h,137,5330,1,0
Headers\adobesdk\controlsurface\plugin\ControlSurfaceMixerSuite.h,125,5023,1,0
Headers\PrSDKTransmitInvocationSuite.h,102,3448,1,0
Projects\SDK_Exporter\SDK_Exporter_Params.h,99,4508,1,0
Projects\GPUVideoFilter\SDK_CrossDissolve\SDK_CrossDissolve.r,85,2269,1,0
Projects\ExportController\ExportController.h,77,3120,1,0
Headers\adobesdk\controlsurface\host\ControlSurfaceHostMarkerSuite.h,59,2465,1,0
Headers\adobesdk\controlsurface\plugin\wrapper\ControlSurfaceMixerBase.cpp,277,9610,0,0
Headers\adobesdk\controlsurface\plugin\wrapper\ControlSurfaceBase.cpp,212,7325,0,0
Headers\adobesdk\controlsurface\host\ControlSurfaceHostLumetriSuite.h,205,7766,0,0
Headers\adobesdk\controlsurface\plugin\wrapper\ControlSurfaceTransportBase.cpp,193,7306,0,0
Projects\GPUVideoFilter\Vignette\Vignette.h,163,4259,0,0
Headers\adobesdk\controlsurface\plugin\wrapper\ControlSurfaceCommandBase.cpp,160,6087,0,0
Headers\PrSDKColorSEICodes.h,148,5780,0,0
Headers\PrSDKExportAudioParamSuite.h,143,3587,0,0
Headers\PrSDKPlayModuleImmersiveVideoSuite.h,142,6321,0,0
Utils\AEFX_SuiteHelper.c,139,4112,0,0
Headers\adobesdk\controlsurface\plugin\wrapper\ControlSurfaceLumetriBase.cpp,138,4928,0,0
Headers\adobesdk\controlsurface\plugin\ControlSurfacePluginSuite.h,134,4554,0,0
Headers\PrSDKStringSuite.h,127,5708,0,0
Headers\PrSDKPaletteSuite.h,124,3655,0,0
Headers\PrSDKPixelFormatSuite.h,119,4278,0,0
Headers\PrSDKImmersiveVideoTypes.h,117,4924,0,0
Headers\adobesdk\AdobesdkStringSuite.h,117,5626,0,0
Headers\adobesdk\controlsurface\host\ControlSurfaceHostCommandSuite.h,107,4305,0,0
Headers\adobesdk\controlsurface\plugin\wrapper\ControlSurfaceMarkerBase.cpp,102,3601,0,0
Headers\PrSDKApplicationSettingsSuite.h,101,3865,0,0
Headers\PrSDKAppInfoSuite.h,96,3036,0,0
Headers\PrSDKPiPLVer.h,95,3047,0,0
Headers\PrSDKExportFileSuite.h,89,2784,0,0
Headers\PrSDKPPixCreatorSuite.h,86,3057,0,0
Projects\GPUVideoFilter\SDK_ProcAmp\SDK_ProcAmp.h,86,2513,0,0
Projects\GPUVideoFilter\Vignette\Vignette.r,84,2278,0,0
Projects\GPUVideoFilter\SDK_ProcAmp\SDK_ProcAmp.r,83,2249,0,0
Headers\adobesdk\controlsurface\plugin\ControlSurfaceSuite.h,83,2922,0,0
Headers\PSIntTypes.h,79,1869,0,0
Headers\adobesdk\controlsurface\plugin\wrapper\ControlSurfaceCommandBase.h,77,2782,0,0
Headers\adobesdk\controlsurface\plugin\ControlSurfaceTransportSuite.h,75,2702,0,0
Headers\PrSDKFileRegistrationSuite.h,71,2377,0,0
Projects\GPUVideoFilter\SDK_CrossDissolve\SDK_CrossDissolve.h,70,2190,0,0
Headers\adobesdk\controlsurface\plugin\wrapper\ControlSurfaceMixerBase.h,68,2988,0,0
Headers\adobesdk\controlsurface\plugin\wrapper\ControlSurfaceBase.h,67,2692,0,0
Utils\AEGP_SuiteHandler.cpp,66,2464,0,0
Headers\PrSDKDataStreamTypes.h,64,1988,0,0
Projects\ControlSurface\Resource\Win\ControlSurface.rc,64,2661,0,0
Headers\adobesdk\controlsurface\plugin\wrapper\ControlSurfaceLumetriBase.h,64,2467,0,0
Headers\adobesdk\controlsurface\plugin\wrapper\ControlSurfaceTransportBase.h,64,2606,0,0
Utils\Smart_Utils.cpp,62,2267,0,0
Headers\adobesdk\controlsurface\host\ControlSurfaceHostSuite.h,60,2663,0,0
Headers\adobesdk\controlsurface\plugin\ControlSurfaceLumetriSuite.h,59,2168,0,0
Headers\adobesdk\controlsurface\plugin\wrapper\ControlSurfaceMarkerBase.h,59,2236,0,0
Projects\GPUVideoFilter\Utils\CreateCString.py,57,1777,0,0
Projects\Synth_Import\Synth_Import.h,55,2645,0,0
Headers\adobesdk\config\AdobesdkTypes.h,54,1408,0,0
Headers\PrSDKClassData.h,53,2015,0,0
Headers\PrSDKSceneMetaData.h,53,2093,0,0
Headers\PrSDKWindowSuite.h,52,1838,0,0
Headers\PrSDKPlugWindow.h,48,1887,0,0
Headers\adobesdk\controlsurface\plugin\ControlSurfaceMarkerSuite.h,45,1785,0,0
Utils\MissingSuiteError.cpp,43,1992,0,0
Headers\PrSDKActivationEvent.h,42,1860,0,0
Headers\PrSDKAlphaTypes.h,42,2104,0,0
Projects\SDK_Custom_Import\SDK_Custom_Import.rc,36,1754,0,0
Headers\Smart_Utils.h,34,1711,0,0
Projects\Synth_Import\Synth_Import.rc,34,1747,0,0
Headers\PrSDKStreamLabel.h,32,1667,0,0
Projects\SDK_File_Import\SDK_File_Import.rc,32,1607,0,0
Projects\SDK_File_Import\SDK_File_ImportPiPL.r,32,1611,0,0
Projects\GPUVideoFilter\Vignette\Vignette.rc,25,1348,0,0
Projects\SDK_Exporter\SDK_Exporter.rc,22,1414,0,0
Projects\GPUVideoFilter\SDK_CrossDissolve\SDK_CrossDissolve.rc,22,1433,0,0
Projects\GPUVideoFilter\SDK_ProcAmp\SDK_ProcAmp.rc,22,1427,0,0
Headers\adobesdk\config\PostConfig.h,2,43,0,0
