binary,offset_dec,offset_hex,keywords,string
AfterFXLib.dll,26335480,0x191d8f8,rotobrushcache,CPanoProjLayer::Static_RTRefreshRotoBrushCacheMarks
AfterFXLib.dll,26376064,0x1927780,rotobrushcache,"%x: err=%d, rep-rotobrushcachelog=%x, curr-rotobrushcachelog=%x"
AfterFXLib.dll,26376128,0x19277c0,rotobrushcache,RotobrushCacheLog_CompleteMainThread
AfterFXLib.dll,26376192,0x1927800,rotobrushcache,RotobrushCacheLog_ProgressMainThread
AfterFXLib.dll,26376232,0x1927828,rotobrushcache,StaticRotobrushCacheLog_CompleteMainThread
AfterFXLib.dll,26376280,0x1927858,rotobrushcache,StaticRotobrushCacheLog_ProgressMainThread
AfterFXLib.dll,26376368,0x19278b0,rotobrushcache,UpdateRotobrushCacheLog
AfterFXLib.dll,26376392,0x19278c8,rotobrushcache,"%x: rotobrushCacheLog=%x, using new rotobrushCacheLog"
AfterFXLib.dll,26376448,0x1927900,rotobrushcache,RebuildAndRegisterRotobrushCacheLog
AfterFXLib.dll,26376488,0x1927928,rotobrushcache,"%x: rotobrushCacheLog=%x, reusing old rotobrushCacheLog"
AfterFXLib.dll,26379768,0x19285f8,preseg,ObjectSelectPreSeg
AfterFXLib.dll,26379792,0x1928610,objectselection,RegisterObjectSelectionModels
AfterFXLib.dll,26379824,0x1928630,rotobrush4,RotoBrush4
AfterFXLib.dll,26379864,0x1928658,objectselection,ObjectSelection
AfterFXLib.dll,26379936,0x19286a0,preseg,CheckoutPreSegLayer_Complete
AfterFXLib.dll,26379968,0x19286c0,objectselection|preseg|selectiontool,$$$/AE/Egg/ObjectSelectionTool/PreSegmentationFailed=Problem encountered finding objects in frame. Errcode:@0.
AfterFXLib.dll,26380080,0x1928730,preseg,TriggerPreSegmentation
AfterFXLib.dll,26380104,0x1928748,marqueeseg,DoMarqueeSegmentation
AfterFXLib.dll,26380128,0x1928760,marqueeseg,MarqueeSegmentationResult Zero Count: 
AfterFXLib.dll,26380208,0x19287b0,preseg,ExtractPreSegObjectToVideoFrame
AfterFXLib.dll,26381088,0x1928b20,objectselection,"class std::basic_string_view<char,struct std::char_traits<char> > __cdecl dvacore::utility::detail::FunctionName<struct DVACompute::IObjectSelectionWrapper>(void)"
AfterFXLib.dll,26381264,0x1928bd0,preseg,"class std::basic_string_view<char,struct std::char_traits<char> > __cdecl dvacore::utility::detail::FunctionName<struct DVACompute::IPreSegmentationWrapper>(void)"
AfterFXLib.dll,31854206,0x1e60e7e,objectselection|selectiontool,??0?$enable_shared_from_this@VObjectSelectionTool@@@std@@IEAA@AEBV01@@Z
AfterFXLib.dll,31854278,0x1e60ec6,objectselection|selectiontool,??0?$enable_shared_from_this@VObjectSelectionTool@@@std@@IEAA@XZ
AfterFXLib.dll,31863882,0x1e6344a,objectselection|preseg|selectiontool,??0FramePreSeg@ObjectSelectionTool@@QEAA@AEBV01@@Z
AfterFXLib.dll,31863933,0x1e6347d,objectselection|preseg|selectiontool,??0FramePreSeg@ObjectSelectionTool@@QEAA@XZ
AfterFXLib.dll,31864609,0x1e63721,objectselection|selectiontool,??0ObjectSelectionTool@@QEAA@XZ
AfterFXLib.dll,31865891,0x1e63c23,objectselection|selectiontool,??1?$enable_shared_from_this@VObjectSelectionTool@@@std@@IEAA@XZ
AfterFXLib.dll,31868600,0x1e646b8,objectselection|preseg|selectiontool,??1FramePreSeg@ObjectSelectionTool@@UEAA@XZ
AfterFXLib.dll,31868859,0x1e647bb,objectselection|selectiontool,??1ObjectSelectionTool@@QEAA@XZ
AfterFXLib.dll,31869552,0x1e64a70,objectselection|selectiontool,??4?$enable_shared_from_this@VObjectSelectionTool@@@std@@IEAAAEAV01@AEBV01@@Z
AfterFXLib.dll,31873677,0x1e65a8d,objectselection|preseg|selectiontool,??4FramePreSeg@ObjectSelectionTool@@QEAAAEAV01@AEBV01@@Z
AfterFXLib.dll,31883223,0x1e67fd7,objectselection|preseg|selectiontool,??_7FramePreSeg@ObjectSelectionTool@@6B@
AfterFXLib.dll,31925074,0x1e72352,objectselection|selectiontool,?ConvertToARGB8u@ObjectSelectionTool@@AEBA?AV?$InterfaceRef@UIVideoFrame@MF@@@classref@dvacore@@AEBV234@@Z
AfterFXLib.dll,31927218,0x1e72bb2,objectselection|selectiontool,?CreateCvMatFromVideoFrame@ObjectSelectionTool@@AEBA?AVMat@cv@@AEBV?$InterfaceRef@UIVideoFrame@MF@@@classref@dvacore@@@Z
AfterFXLib.dll,31947308,0x1e77a2c,objectselection,?DoMarqueeObjectSelection@CPanoProjItem@@UEAAXE@Z
AfterFXLib.dll,31947358,0x1e77a5e,objectselection|marqueeseg|selectiontool,?DoMarqueeSegmentation@ObjectSelectionTool@@QEAAXPEBVBEE_AVLayer@@AEBUT_Time@@AEBVBEE_LayerRenderOptions@@_NAEBV?$vector@V?$PointT@M@geom@dvacore@@U?$STLAllocator@V?$PointT@M@geom@dvacore@@@allocator@3@@std@@AEAVMat@cv@@@Z
AfterFXLib.dll,31950327,0x1e785f7,objectselection|preseg|selectiontool,?DoPreSegmentation@ObjectSelectionTool@@QEAA?AV?$shared_ptr@VFramePreSeg@ObjectSelectionTool@@@std@@PEBVBEE_AVLayer@@AEBUT_Time@@AEBVBEE_LayerRenderOptions@@AEBVGuid@utility@dvacore@@_N@Z
AfterFXLib.dll,31960629,0x1e7ae35,objectselection|selectiontool,?DrawHoverExperience@ObjectSelectionTool@@QEAAXPEAVCPanoDrawbot@@N@Z
AfterFXLib.dll,31976252,0x1e7eb3c,objectselection|preseg|selectiontool,?ExecutePreSeg@FramePreSeg@ObjectSelectionTool@@QEAAXV?$InterfaceRef@UIPreSegmentationWrapper@DVACompute@@@classref@dvacore@@AEBV?$InterfaceRef@UIVideoFrame@MF@@@45@@Z
AfterFXLib.dll,31976963,0x1e7ee03,objectselection|preseg|selectiontool,?ExtractPreSegObjectToCVMat@ObjectSelectionTool@@QEAAXHHV?$shared_ptr@VFramePreSeg@ObjectSelectionTool@@@std@@EEAEAVMat@cv@@@Z
AfterFXLib.dll,31977090,0x1e7ee82,objectselection|preseg|selectiontool,?ExtractRefinedPreSegObjectToVideoFrame@ObjectSelectionTool@@QEAA?AV?$InterfaceRef@UIVideoFrame@MF@@@classref@dvacore@@HHV?$shared_ptr@VFramePreSeg@ObjectSelectionTool@@@std@@E@Z
AfterFXLib.dll,31987182,0x1e815ee,objectselection|selectiontool,?FlipFrameIfNeeded@ObjectSelectionTool@@AEAAXAEBV?$InterfaceRef@UIVideoFrame@MF@@@classref@dvacore@@@Z
AfterFXLib.dll,31998339,0x1e84183,objectselection|selectiontool,?GetBoundaryPointsForInteractiveSegmentation@ObjectSelectionTool@@QEAA?AV?$vector@V?$PointT@M@geom@dvacore@@U?$STLAllocator@V?$PointT@M@geom@dvacore@@@allocator@3@@std@@XZ
AfterFXLib.dll,32000840,0x1e84b48,objectselection|preseg|selectiontool,?GetCVMat@FramePreSeg@ObjectSelectionTool@@QEAA?AVMat@cv@@XZ
AfterFXLib.dll,32002700,0x1e8528c,objectselection|preseg|selectiontool,?GetCheckoutLayerFrameWorkQueueID@FramePreSeg@ObjectSelectionTool@@QEAA_KXZ
AfterFXLib.dll,32004171,0x1e8584b,objectselection|selectiontool,?GetColorSpace@ObjectSelectionTool@@AEBA?AUColorSpace@color@dvamediatypes@@XZ
AfterFXLib.dll,32005575,0x1e85dc7,objectselection|preseg|selectiontool,?GetComputeFuture@FramePreSeg@ObjectSelectionTool@@QEAA?AV?$Future@UPreSegmentationResult@DVACompute@@@async@dvacore@@XZ
AfterFXLib.dll,32008140,0x1e867cc,objectselection|selectiontool,?GetCurrentStrokeIndex@ObjectSelectionTool@@QEBAIXZ
AfterFXLib.dll,32023463,0x1e8a3a7,objectselection|selectiontool,?GetFrameStrokeMaskRecordsSize@ObjectSelectionTool@@QEBA_KXZ
AfterFXLib.dll,32029349,0x1e8baa5,objectselection|selectiontool,?GetInteractiveSegmentationResult@ObjectSelectionTool@@QEBAAEBVMat@cv@@XZ
AfterFXLib.dll,32033612,0x1e8cb4c,objectselection|selectiontool,?GetLastMaskOnFrame@ObjectSelectionTool@@QEBA?AVMat@cv@@I@Z
AfterFXLib.dll,32038247,0x1e8dd67,objectselection|selectiontool,?GetMaskByFrame@ObjectSelectionTool@@QEBA?AVMat@cv@@I@Z
AfterFXLib.dll,32038303,0x1e8dd9f,objectselection|selectiontool,?GetMaskByFrameAndStroke@ObjectSelectionTool@@QEBA?AVMat@cv@@HI@Z
AfterFXLib.dll,32038721,0x1e8df41,objectselection|selectiontool,?GetMaskRefinementResult@ObjectSelectionTool@@QEBAAEBVMat@cv@@XZ
AfterFXLib.dll,32046555,0x1e8fddb,objectselection|preseg|selectiontool,?GetObjIDFromPosition@ObjectSelectionTool@@QEAAEV?$shared_ptr@VFramePreSeg@ObjectSelectionTool@@@std@@AEBV?$M_Vector2T@N@@HH@Z
AfterFXLib.dll,32046682,0x1e8fe5a,objectselection,?GetObjectSelectionHoverPano@CEggApp@@QEAAPEAVCPanoProjLayer@@XZ
AfterFXLib.dll,32046747,0x1e8fe9b,objectselection|selectiontool,?GetObjectSelectionTool@@YA?AV?$shared_ptr@VObjectSelectionTool@@@std@@XZ
AfterFXLib.dll,32053870,0x1e91a6e,objectselection|preseg|selectiontool,?GetPreSegGuid@ObjectSelectionTool@@QEAA?AVGuid@utility@dvacore@@PEBVBEE_AVLayer@@AEBUT_Time@@PEAVBEE_LayerRenderOptions@@@Z
AfterFXLib.dll,32053995,0x1e91aeb,objectselection|preseg|selectiontool,?GetPreSegResult@ObjectSelectionTool@@QEAA?AV?$shared_ptr@VFramePreSeg@ObjectSelectionTool@@@std@@VGuid@utility@dvacore@@@Z
AfterFXLib.dll,32061952,0x1e93a00,rotobrushcache,?GetRotoBrushCacheInfo@CLayer@@QEAAXAEAV?$shared_ptr@V?$set@HU?$less@H@std@@V?$allocator@H@2@@std@@@boost@@0@Z
AfterFXLib.dll,32072347,0x1e9629b,objectselection|selectiontool,?GetStrokeCount@ObjectSelectionTool@@QEBA_KXZ
AfterFXLib.dll,32130029,0x1ea43ed,objectselection|selectiontool,?MouseMove@ObjectSelectionTool@@QEAA_NPEAVCPanoProjLayer@@AEBV?$M_Vector2T@N@@@Z
AfterFXLib.dll,32148167,0x1ea8ac7,objectselection|preseg|selectiontool,?PreSegResultExists@ObjectSelectionTool@@QEAA_NVGuid@utility@dvacore@@AEAV?$shared_ptr@VFramePreSeg@ObjectSelectionTool@@@std@@@Z
AfterFXLib.dll,32148297,0x1ea8b49,objectselection|preseg|selectiontool,?PreSegmentLayerImage@ObjectSelectionTool@@QEAAXVGuid@utility@dvacore@@HAEBUT_Time@@PEBVPF_World@@V?$shared_ptr@VFramePreSeg@ObjectSelectionTool@@@std@@@Z
AfterFXLib.dll,32159424,0x1eab6c0,objectselection|selectiontool,?RefineMask@ObjectSelectionTool@@QEAA?AVMat@cv@@PEBVPF_World@@V?$InterfaceRef@UIVideoFrame@MF@@@classref@dvacore@@@Z
AfterFXLib.dll,32160350,0x1eaba5e,objectselection,?RefreshObjectSelectionUI@CEggApp@@QEAAXH@Z
AfterFXLib.dll,32160394,0x1eaba8a,objectselection,?RefreshObjectSelectionUI@CEggApp@@QEAAXXZ
AfterFXLib.dll,32161033,0x1eabd09,objectselection|selectiontool,?RegisterObjectSelectionModels@ObjectSelectionTool@@AEAAXXZ
AfterFXLib.dll,32167026,0x1ead472,objectselection|selectiontool,?ResetSelectionMask@ObjectSelectionTool@@QEAAXXZ
AfterFXLib.dll,32180334,0x1eb086e,objectselection|selectiontool,?SetBoundaryPointsForInteractiveSegmentation@ObjectSelectionTool@@QEAAXV?$vector@V?$PointT@M@geom@dvacore@@U?$STLAllocator@V?$PointT@M@geom@dvacore@@@allocator@3@@std@@@Z
AfterFXLib.dll,32181050,0x1eb0b3a,objectselection|preseg|selectiontool,?SetCheckoutLayerFrameWorkQueueID@FramePreSeg@ObjectSelectionTool@@QEAAX_K@Z
AfterFXLib.dll,32182504,0x1eb10e8,objectselection|preseg|selectiontool,?SetComputeFuture@FramePreSeg@ObjectSelectionTool@@QEAAXV?$Future@UPreSegmentationResult@DVACompute@@@async@dvacore@@@Z
AfterFXLib.dll,32182898,0x1eb1272,objectselection|selectiontool,?SetCurrentStrokeIndex@ObjectSelectionTool@@QEAAXI@Z
AfterFXLib.dll,32191837,0x1eb355d,objectselection|selectiontool,?SetMouseActionType@ObjectSelectionTool@@QEAAXAEBW4MouseActionType@1@@Z
AfterFXLib.dll,32192431,0x1eb37af,objectselection,?SetObjectSelectionHoverPano@CEggApp@@QEAAXPEAVCPanoProjLayer@@@Z
AfterFXLib.dll,32194000,0x1eb3dd0,objectselection|preseg|selectiontool,?SetPreSegResult@ObjectSelectionTool@@AEAAXVGuid@utility@dvacore@@V?$shared_ptr@VFramePreSeg@ObjectSelectionTool@@@std@@@Z
AfterFXLib.dll,32194123,0x1eb3e4b,objectselection|preseg|selectiontool,?SetPreSegResultMRU@ObjectSelectionTool@@AEAAXVGuid@utility@dvacore@@@Z
AfterFXLib.dll,32197755,0x1eb4c7b,rotobrushcache,?SetRotoBrushCacheInfo@CLayer@@QEAAXAEBV?$shared_ptr@V?$set@HU?$less@H@std@@V?$allocator@H@2@@std@@@boost@@0@Z
AfterFXLib.dll,32200657,0x1eb57d1,objectselection|selectiontool,?SetStrokeCount@ObjectSelectionTool@@QEAAXI@Z
AfterFXLib.dll,32218383,0x1eb9d0f,objectselection,?StaticRefreshObjectSelectionUIMainThread@CEggApp@@SAXH@Z
AfterFXLib.dll,32231122,0x1ebced2,objectselection|selectiontool,?TriggerMaskRefinement@ObjectSelectionTool@@QEAAXXZ
AfterFXLib.dll,32231174,0x1ebcf06,objectselection|preseg|selectiontool,?TriggerPreSegmentation@ObjectSelectionTool@@QEAAXPEAVCPanoProjLayer@@@Z
AfterFXLib.dll,32240544,0x1ebf3a0,objectselection|preseg|selectiontool,?UpdateOverlayFrameBuffer@ObjectSelectionTool@@AEAA_NPEAVCPanoProjLayer@@V?$shared_ptr@VFramePreSeg@ObjectSelectionTool@@@std@@AEBV?$M_Vector2T@N@@HH@Z
AfterFXLib.dll,32251919,0x1ec200f,objectselection|selectiontool,?shared_from_this@?$enable_shared_from_this@VObjectSelectionTool@@@std@@QEAA?AV?$shared_ptr@VObjectSelectionTool@@@2@XZ
AfterFXLib.dll,32252039,0x1ec2087,objectselection|selectiontool,?shared_from_this@?$enable_shared_from_this@VObjectSelectionTool@@@std@@QEBA?AV?$shared_ptr@$$CBVObjectSelectionTool@@@2@XZ
AfterFXLib.dll,32252351,0x1ec21bf,objectselection|selectiontool,?weak_from_this@?$enable_shared_from_this@VObjectSelectionTool@@@std@@QEAA?AV?$weak_ptr@VObjectSelectionTool@@@2@XZ
AfterFXLib.dll,32252467,0x1ec2233,objectselection|selectiontool,?weak_from_this@?$enable_shared_from_this@VObjectSelectionTool@@@std@@QEBA?AV?$weak_ptr@$$CBVObjectSelectionTool@@@2@XZ
AfterFXLib.dll,32791564,0x1f45c0c,rotobrush4,?BEE_BetaFeature_IsRotoBrush4Enabled@@YA_NXZ
AfterFXLib.dll,32868416,0x1f58840,rotobrushcache,??0BEE_RotobrushCacheViewRenderFrameData@@QEAA@AEBUT_Time@@PEAVBEE_Layer@@PEAVFLT_FCSeqSpec@@@Z
AfterFXLib.dll,32868514,0x1f588a2,rotobrushcache,??1BEE_RotobrushCacheViewRenderFrameData@@UEAA@XZ
AfterFXLib.dll,32872042,0x1f5966a,rotobrushcache,??0BEE_RotobrushCacheLog@@QEAA@PEBVBEE_AVLayer@@H@Z
AfterFXLib.dll,32872096,0x1f596a0,rotobrushcache,??1BEE_RotobrushCacheLog@@UEAA@XZ
AfterFXLib.dll,32872131,0x1f596c3,rotobrushcache,%?GetSet@BEE_RotobrushCacheLog@@QEBAX_NAEAV?$set@HU?$less@H@std@@V?$allocator@H@2@@std@@@Z
AfterFXLib.dll,32872223,0x1f5971f,rotobrushcache,1?SetSet@BEE_RotobrushCacheLog@@QEAAX_NAEAV?$set@HU?$less@H@std@@V?$allocator@H@2@@std@@@Z
AfterFXLib.dll,32872316,0x1f5977c,rotobrushcache,??0BEE_RotobrushCacheLogProgress@@QEAA@XZ
AfterFXLib.dll,32872360,0x1f597a8,rotobrushcache,??1BEE_RotobrushCacheLogProgress@@QEAA@XZ
AfterFXLib.dll,32872536,0x1f59858,rotobrushcache,?BEE_WorkQueue_RotobrushCacheLog_Register@@YA_KV?$shared_ptr@VBEE_WorkQueue_Client@@@boost@@V?$shared_ptr@VBEE_RotobrushCacheLog@@@std@@V?$shared_ptr@VBEE_WorkQueueIdList@@@2@AEBV?$function@$$A6AX_KHAEBV?$shared_ptr@VBEE_CacheDaemon@@@std@@@Z@2@AEBV?$function@$$A6AHW4ItemChangeType@@V?$shared_ptr@VBEE_WorkQueue_Item@@@boost@@@Z@2@PEAVBEE_Project@@@Z
AfterFXLib.dll,33097912,0x1f908b8,rotobrushcache,.?AVBEE_RotobrushCacheLog@@
AfterFXLib.dll,33098320,0x1f90a50,rotobrushcache,.?AV?$_Binder@U_Unforced@std@@P6AXV?$SimpleWeakPointer@VRotobrushSpanView@egg@ae@@@U@@HAEBV?$shared_ptr@VBEE_RotobrushCacheLog@@@2@@ZAEAV34@AEAHAEAV52@@std@@
AfterFXLib.dll,33099824,0x1f91030,preseg,.?AUIPreSegmentationWrapper@DVACompute@@
AfterFXLib.dll,33099928,0x1f91098,objectselection,.?AUIObjectSelectionWrapper@DVACompute@@
AfterFXLib.dll,33100320,0x1f91220,objectselection|preseg|selectiontool,.?AV<lambda_1>@?6???$CallContinuationAsync@V?$shared_ptr@VAsyncExecutor@threads@dvacore@@@std@@V<lambda_1>@?1???$MakeContinuation@V<lambda_1>@?1???$OnSuccessWithExecutor@V?$shared_ptr@VAsyncExecutor@threads@dvacore@@@std@@V<lambda_1>@?1??PreSegmentLayerImage@ObjectSelectionTool@@QEAAXVGuid@utility@dvacore@@HAEBUT_Time@@PEBVPF_World@@V?$shared_ptr@VFramePreSeg@ObjectSelectionTool@@@2@@Z@@?$Future@UPreSegmentationResult@DVACompute@@@async@dvacore@@QEBA?A_P$$QEAV?$shared_ptr@VAsyncExecutor@threads@dvacore@@@std@@$$QEAV1?1??PreSegmentLayerImage@ObjectSelectionTool@@QEAAXVGuid@utility@4@HAEBUT_Time@@PEBVPF_World@@V?$shared_ptr@VFramePreSeg@ObjectSelectionTool@@@6@@Z@@Z@V?$Promise@X@34@@?$Future@UPreSegmentationResult@DVACompute@@@async@dvacore@@AEBA?A_P$$QEAV3?1???$OnSuccessWithExecutor@V?$shared_ptr@VAsyncExecutor@threads@dvacore@@@std@@V<lambda_1>@?1??PreSegmentLayerImage@ObjectSelectionTool@@QEAAXVGuid@utility@dvacore@@HAEBUT_Time@@PEBVPF_World@@V?$shared_ptr@VFramePreSeg@ObjectSelectionTool@@@2@@Z@@456@QEBA?A_P$$QEAV12@$$QEAV3?1??PreSegmentLayerImage@ObjectSelectionTool@@QEAAXVGuid@utility@6@HAEBUT_Time@@PEBVPF_World@@V?$shared_ptr@VFramePreSeg@ObjectSelectionTool@@@2@@Z@@Z@$$QEAV?$Promise@X@56@@Z@@detail@async@dvacore@@YAX$$QEAV?$shared_ptr@VAsyncExecutor@threads@dvacore@@@std@@$$QEAV0?1???$MakeContinuation@V<lambda_1>@?1???$OnSuccessWithExecutor@V?$shared_ptr@VAsyncExecutor@threads@dvacore@@@std@@V<lambda_1>@?1??PreSegmentLayerImage@ObjectSelectionTool@@QEAAXVGuid@utility@dvacore@@HAEBUT_Time@@PEBVPF_World@@V?$shared_ptr@VFramePreSeg@ObjectSelectionTool@@@2@@Z@@?$Future@UPreSegmentationResult@DVACompute@@@async@dvacore@@QEBA?A_P$$QEAV?$shared_ptr@VAsyncExecutor@threads@dvacore@@@std@@$$QEAV1?1??PreSegmentLayerImage@ObjectSelectionTool@@QEAAXVGuid@utility@4@HAEBUT_Time@@PEBVPF_World@@V?$shared_ptr@VFramePreSeg@ObjectSelectionTool@@@6@@Z@@Z@V?$Promise@X@34@@?$Future@UPreSegmentationResult@DVACompute@@@23@AEBA?A_P$$QEAV0?1???$OnSuccessWithExecutor@V?$shared_ptr@VAsyncExecutor@threads@dvacore@@@std@@V<lambda_1>@?1??PreSegmentLayerImage@ObjectSelectionTool@@QEAAXVGuid@utility@dvacore@@HAEBUT_Time@@PEBVPF_World@@V?$shared_ptr@VFramePreSeg@ObjectSelectionTool@@@2@@Z@@623@QEBA?A_P0$$QEAV0?1??PreSegmentLayerImage@ObjectSelectionTool@@QEAAXVGuid@utility@3@HAEBUT_Time@@PEBVPF_World@@V?$shared_ptr@VFramePreSeg@ObjectSelectionTool@@@5@@Z@@Z@$$QEAV?$Promise@X@23@@Z@V?$shared_ptr@VUntypedFutureState@detail@async@dvacore@@@5@@Z@
AfterFXLib.dll,33102800,0x1f91bd0,objectselection|selectiontool,.?AV?$_Binder@U_Unforced@std@@P6AHV?$weak_ptr@VObjectSelectionTool@@@2@W4ItemChangeType@@V?$shared_ptr@VBEE_WorkQueue_Item@@@boost@@@ZV32@AEBU?$_Ph@$00@2@AEBU?$_Ph@$01@2@@std@@
AfterFXLib.dll,33103008,0x1f91ca0,objectselection|selectiontool,.?AV?$_Binder@U_Unforced@std@@P6AXV?$weak_ptr@VObjectSelectionTool@@@2@VGuid@utility@dvacore@@HV?$basic_string@_WU?$char_traits@_W@std@@U?$STLAllocator@_W@allocator@dvacore@@@2@AEBUT_Time@@PEAV?$function@$$A6AXH@Z@2@_KHAEAVBEE_CheckoutReceiptPtr@@@ZV32@AEBV456@HV72@AEBU8@PEAV92@AEBU?$_Ph@$00@2@AEBU?$_Ph@$01@2@AEBU?$_Ph@$02@2@@std@@
AfterFXLib.dll,33162960,0x1fa06d0,objectselection,.?AV<lambda_1>@?1??RefreshObjectSelectionUI@CEggApp@@QEAAXH@Z@
AfterFXLib.dll,33163040,0x1fa0720,objectselection,.?AV<lambda_1>@?1???R0?1??RefreshObjectSelectionUI@CEggApp@@QEAAXH@Z@QEBA@AEAVCDirProjItem@@@Z@
AfterFXLib.dll,33309208,0x1fc4218,objectselection|preseg|selectiontool,.?AVFramePreSeg@ObjectSelectionTool@@
AfterFXLib.dll,33360256,0x1fd0980,rotobrushcache,.?AV?$_Func_impl_no_alloc@V?$_Binder@U_Unforced@std@@P6AXV?$SimpleWeakPointer@VRotobrushSpanView@egg@ae@@@U@@HAEBV?$shared_ptr@VBEE_RotobrushCacheLog@@@2@@ZAEAV34@AEAHAEAV52@@std@@X$$V@std@@
AfterFXLib.dll,33360704,0x1fd0b40,rotobrushcache,.?AV?$_Ref_count@VBEE_RotobrushCacheLog@@@std@@
AfterFXLib.dll,33363008,0x1fd1440,objectselection|selectiontool,.?AV?$_Ref_count_obj2@VObjectSelectionTool@@@std@@
AfterFXLib.dll,33363088,0x1fd1490,objectselection|preseg|selectiontool,.?AV?$_Ref_count_obj2@VFramePreSeg@ObjectSelectionTool@@@std@@
AfterFXLib.dll,33363840,0x1fd1780,objectselection|preseg|selectiontool,.?AV?$InvocationImplementation@V<lambda_1>@?1???$AddContinuationWithExecutor@V?$shared_ptr@VAsyncExecutor@threads@dvacore@@@std@@V<lambda_1>@?1???$MakeContinuation@V<lambda_1>@?1???$OnSuccessWithExecutor@V?$shared_ptr@VAsyncExecutor@threads@dvacore@@@std@@V<lambda_1>@?1??PreSegmentLayerImage@ObjectSelectionTool@@QEAAXVGuid@utility@dvacore@@HAEBUT_Time@@PEBVPF_World@@V?$shared_ptr@VFramePreSeg@ObjectSelectionTool@@@2@@Z@@?$Future@UPreSegmentationResult@DVACompute@@@async@dvacore@@QEBA?A_P$$QEAV?$shared_ptr@VAsyncExecutor@threads@dvacore@@@std@@$$QEAV1?1??PreSegmentLayerImage@ObjectSelectionTool@@QEAAXVGuid@utility@4@HAEBUT_Time@@PEBVPF_World@@V?$shared_ptr@VFramePreSeg@ObjectSelectionTool@@@6@@Z@@Z@V?$Promise@X@34@@?$Future@UPreSegmentationResult@DVACompute@@@async@dvacore@@AEBA?A_P$$QEAV3?1???$OnSuccessWithExecutor@V?$shared_ptr@VAsyncExecutor@threads@dvacore@@@std@@V<lambda_1>@?1??PreSegmentLayerImage@ObjectSelectionTool@@QEAAXVGuid@utility@dvacore@@HAEBUT_Time@@PEBVPF_World@@V?$shared_ptr@VFramePreSeg@ObjectSelectionTool@@@2@@Z@@456@QEBA?A_P$$QEAV12@$$QEAV3?1??PreSegmentLayerImage@ObjectSelectionTool@@QEAAXVGuid@utility@6@HAEBUT_Time@@PEBVPF_World@@V?$shared_ptr@VFramePreSeg@ObjectSelectionTool@@@2@@Z@@Z@$$QEAV?$Promise@X@56@@Z@@UntypedFutureState@detail@async@dvacore@@QEAAX$$QEAV?$shared_ptr@VAsyncExecutor@threads@dvacore@@@std@@$$QEAV1?1???$MakeContinuation@V<lambda_1>@?1???$OnSuccessWithExecutor@V?$shared_ptr@VAsyncExecutor@threads@dvacore@@@std@@V<lambda_1>@?1??PreSegmentLayerImage@ObjectSelectionTool@@QEAAXVGuid@utility@dvacore@@HAEBUT_Time@@PEBVPF_World@@V?$shared_ptr@VFramePreSeg@ObjectSelectionTool@@@2@@Z@@?$Future@UPreSegmentationResult@DVACompute@@@async@dvacore@@QEBA?A_P$$QEAV?$shared_ptr@VAsyncExecutor@threads@dvacore@@@std@@$$QEAV1?1??PreSegmentLayerImage@ObjectSelectionTool@@QEAAXVGuid@utility@4@HAEBUT_Time@@PEBVPF_World@@V?$shared_ptr@VFramePreSeg@ObjectSelectionTool@@@6@@Z@@Z@V?$Promise@X@34@@?$Future@UPreSegmentationResult@DVACompute@@@45@AEBA?A_P$$QEAV1?1???$OnSuccessWithExecutor@V?$shared_ptr@VAsyncExecutor@threads@dvacore@@@std@@V<lambda_1>@?1??PreSegmentLayerImage@ObjectSelectionTool@@QEAAXVGuid@utility@dvacore@@HAEBUT_Time@@PEBVPF_World@@V?$shared_ptr@VFramePreSeg@ObjectSelectionTool@@@2@@Z@@845@QEBA?A_P0$$QEAV1?1??PreSegmentLayerImage@ObjectSelectionTool@@QEAAXVGuid@utility@5@HAEBUT_Time@@PEBVPF_World@@V?$shared_ptr@VFramePreSeg@ObjectSelectionTool@@@7@@Z@@Z@$$QEAV?$Promise@X@45@@Z@@Z@$$A6AXXZ@detail@dvacore@@
AfterFXLib.dll,33366336,0x1fd2140,objectselection|preseg|selectiontool,.?AV?$InvocationImplementation@V<lambda_1>@?4???$SetUpOnFailureHandler@V<lambda_2>@?1??PreSegmentLayerImage@ObjectSelectionTool@@QEAAXVGuid@utility@dvacore@@HAEBUT_Time@@PEBVPF_World@@V?$shared_ptr@VFramePreSeg@ObjectSelectionTool@@@std@@@Z@V?$Promise@X@async@6@@?$Future@UPreSegmentationResult@DVACompute@@@async@dvacore@@IEBAX$$QEAV<lambda_2>@?1??PreSegmentLayerImage@ObjectSelectionTool@@QEAAXVGuid@utility@4@HAEBUT_Time@@PEBVPF_World@@V?$shared_ptr@VFramePreSeg@ObjectSelectionTool@@@std@@@Z@$$QEAV?$Promise@X@34@@Z@$$A6AXXZ@detail@dvacore@@
AfterFXLib.dll,33366912,0x1fd2380,objectselection|preseg|selectiontool,.?AV?$InvocationImplementation@V<lambda_1>@?4???$SetUpOnExceptionHandler@V<lambda_3>@?1??PreSegmentLayerImage@ObjectSelectionTool@@QEAAXVGuid@utility@dvacore@@HAEBUT_Time@@PEBVPF_World@@V?$shared_ptr@VFramePreSeg@ObjectSelectionTool@@@std@@@Z@V?$Promise@X@async@6@@?$Future@UPreSegmentationResult@DVACompute@@@async@dvacore@@IEBAX$$QEAV<lambda_3>@?1??PreSegmentLayerImage@ObjectSelectionTool@@QEAAXVGuid@utility@4@HAEBUT_Time@@PEBVPF_World@@V?$shared_ptr@VFramePreSeg@ObjectSelectionTool@@@std@@@Z@$$QEAV?$Promise@X@34@@Z@$$A6AXXZ@detail@dvacore@@
AfterFXLib.dll,33367488,0x1fd25c0,objectselection|preseg|selectiontool,.?AV?$_Ref_count_obj_alloc3@V<lambda_1>@?1???$MakeContinuation@V<lambda_1>@?1???$OnSuccessWithExecutor@V?$shared_ptr@VAsyncExecutor@threads@dvacore@@@std@@V<lambda_1>@?1??PreSegmentLayerImage@ObjectSelectionTool@@QEAAXVGuid@utility@dvacore@@HAEBUT_Time@@PEBVPF_World@@V?$shared_ptr@VFramePreSeg@ObjectSelectionTool@@@2@@Z@@?$Future@UPreSegmentationResult@DVACompute@@@async@dvacore@@QEBA?A_P$$QEAV?$shared_ptr@VAsyncExecutor@threads@dvacore@@@std@@$$QEAV1?1??PreSegmentLayerImage@ObjectSelectionTool@@QEAAXVGuid@utility@4@HAEBUT_Time@@PEBVPF_World@@V?$shared_ptr@VFramePreSeg@ObjectSelectionTool@@@6@@Z@@Z@V?$Promise@X@34@@?$Future@UPreSegmentationResult@DVACompute@@@async@dvacore@@AEBA?A_P$$QEAV1?1???$OnSuccessWithExecutor@V?$shared_ptr@VAsyncExecutor@threads@dvacore@@@std@@V<lambda_1>@?1??PreSegmentLayerImage@ObjectSelectionTool@@QEAAXVGuid@utility@dvacore@@HAEBUT_Time@@PEBVPF_World@@V?$shared_ptr@VFramePreSeg@ObjectSelectionTool@@@2@@Z@@234@QEBA?A_P$$QEAV?$shared_ptr@VAsyncExecutor@threads@dvacore@@@std@@$$QEAV1?1??PreSegmentLayerImage@ObjectSelectionTool@@QEAAXVGuid@utility@4@HAEBUT_Time@@PEBVPF_World@@V?$shared_ptr@VFramePreSeg@ObjectSelectionTool@@@6@@Z@@Z@$$QEAV?$Promise@X@34@@Z@U?$STLAllocator@V<lambda_1>@?1???$MakeContinuation@V<lambda_1>@?1???$OnSuccessWithExecutor@V?$shared_ptr@VAsyncExecutor@threads@dvacore@@@std@@V<lambda_1>@?1??PreSegmentLayerImage@ObjectSelectionTool@@QEAAXVGuid@utility@dvacore@@HAEBUT_Time@@PEBVPF_World@@V?$shared_ptr@VFramePreSeg@ObjectSelectionTool@@@2@@Z@@?$Future@UPreSegmentationResult@DVACompute@@@async@dvacore@@QEBA?A_P$$QEAV?$shared_ptr@VAsyncExecutor@threads@dvacore@@@std@@$$QEAV1?1??PreSegmentLayerImage@ObjectSelectionTool@@QEAAXVGuid@utility@4@HAEBUT_Time@@PEBVPF_World@@V?$shared_ptr@VFramePreSeg@ObjectSelectionTool@@@6@@Z@@Z@V?$Promise@X@34@@?$Future@UPreSegmentationResult@DVACompute@@@async@dvacore@@AEBA?A_P$$QEAV1?1???$OnSuccessWithExecutor@V?$shared_ptr@VAsyncExecutor@threads@dvacore@@@std@@V<lambda_1>@?1??PreSegmentLayerImage@ObjectSelectionTool@@QEAAXVGuid@utility@dvacore@@HAEBUT_Time@@PEBVPF_World@@V?$shared_ptr@VFramePreSeg@ObjectSelectionTool@@@2@@Z@@234@QEBA?A_P$$QEAV?$shared_ptr@VAsyncExecutor@threads@dvacore@@@std@@$$QEAV1?1??PreSegmentLayerImage@ObjectSelectionTool@@QEAAXVGuid@utility@4@HAEBUT_Time@@PEBVPF_World@@V?$shared_ptr@VFramePreSeg@ObjectSelectionTool@@@6@@Z@@Z@$$QEAV?$Promise@X@34@@Z@@allocator@4@@std@@
AfterFXLib.dll,33369920,0x1fd2f40,objectselection|preseg|selectiontool,.?AV?$_Ebco_base@U?$STLAllocator@V<lambda_1>@?1???$MakeContinuation@V<lambda_1>@?1???$OnSuccessWithExecutor@V?$shared_ptr@VAsyncExecutor@threads@dvacore@@@std@@V<lambda_1>@?1??PreSegmentLayerImage@ObjectSelectionTool@@QEAAXVGuid@utility@dvacore@@HAEBUT_Time@@PEBVPF_World@@V?$shared_ptr@VFramePreSeg@ObjectSelectionTool@@@2@@Z@@?$Future@UPreSegmentationResult@DVACompute@@@async@dvacore@@QEBA?A_P$$QEAV?$shared_ptr@VAsyncExecutor@threads@dvacore@@@std@@$$QEAV1?1??PreSegmentLayerImage@ObjectSelectionTool@@QEAAXVGuid@utility@4@HAEBUT_Time@@PEBVPF_World@@V?$shared_ptr@VFramePreSeg@ObjectSelectionTool@@@6@@Z@@Z@V?$Promise@X@34@@?$Future@UPreSegmentationResult@DVACompute@@@async@dvacore@@AEBA?A_P$$QEAV1?1???$OnSuccessWithExecutor@V?$shared_ptr@VAsyncExecutor@threads@dvacore@@@std@@V<lambda_1>@?1??PreSegmentLayerImage@ObjectSelectionTool@@QEAAXVGuid@utility@dvacore@@HAEBUT_Time@@PEBVPF_World@@V?$shared_ptr@VFramePreSeg@ObjectSelectionTool@@@2@@Z@@234@QEBA?A_P$$QEAV?$shared_ptr@VAsyncExecutor@threads@dvacore@@@std@@$$QEAV1?1??PreSegmentLayerImage@ObjectSelectionTool@@QEAAXVGuid@utility@4@HAEBUT_Time@@PEBVPF_World@@V?$shared_ptr@VFramePreSeg@ObjectSelectionTool@@@6@@Z@@Z@$$QEAV?$Promise@X@34@@Z@@allocator@dvacore@@$00@std@@
AfterFXLib.dll,33371168,0x1fd3420,objectselection|preseg|selectiontool,.?AU?$STLAllocator@V<lambda_1>@?1???$MakeContinuation@V<lambda_1>@?1???$OnSuccessWithExecutor@V?$shared_ptr@VAsyncExecutor@threads@dvacore@@@std@@V<lambda_1>@?1??PreSegmentLayerImage@ObjectSelectionTool@@QEAAXVGuid@utility@dvacore@@HAEBUT_Time@@PEBVPF_World@@V?$shared_ptr@VFramePreSeg@ObjectSelectionTool@@@2@@Z@@?$Future@UPreSegmentationResult@DVACompute@@@async@dvacore@@QEBA?A_P$$QEAV?$shared_ptr@VAsyncExecutor@threads@dvacore@@@std@@$$QEAV1?1??PreSegmentLayerImage@ObjectSelectionTool@@QEAAXVGuid@utility@4@HAEBUT_Time@@PEBVPF_World@@V?$shared_ptr@VFramePreSeg@ObjectSelectionTool@@@6@@Z@@Z@V?$Promise@X@34@@?$Future@UPreSegmentationResult@DVACompute@@@async@dvacore@@AEBA?A_P$$QEAV1?1???$OnSuccessWithExecutor@V?$shared_ptr@VAsyncExecutor@threads@dvacore@@@std@@V<lambda_1>@?1??PreSegmentLayerImage@ObjectSelectionTool@@QEAAXVGuid@utility@dvacore@@HAEBUT_Time@@PEBVPF_World@@V?$shared_ptr@VFramePreSeg@ObjectSelectionTool@@@2@@Z@@234@QEBA?A_P$$QEAV?$shared_ptr@VAsyncExecutor@threads@dvacore@@@std@@$$QEAV1?1??PreSegmentLayerImage@ObjectSelectionTool@@QEAAXVGuid@utility@4@HAEBUT_Time@@PEBVPF_World@@V?$shared_ptr@VFramePreSeg@ObjectSelectionTool@@@6@@Z@@Z@$$QEAV?$Promise@X@34@@Z@@allocator@dvacore@@
AfterFXLib.dll,33372400,0x1fd38f0,objectselection|preseg|selectiontool,.?AV?$_Func_impl_no_alloc@V<lambda_1>@?6???$CallContinuationAsync@V?$shared_ptr@VAsyncExecutor@threads@dvacore@@@std@@V<lambda_1>@?1???$MakeContinuation@V<lambda_1>@?1???$OnSuccessWithExecutor@V?$shared_ptr@VAsyncExecutor@threads@dvacore@@@std@@V<lambda_1>@?1??PreSegmentLayerImage@ObjectSelectionTool@@QEAAXVGuid@utility@dvacore@@HAEBUT_Time@@PEBVPF_World@@V?$shared_ptr@VFramePreSeg@ObjectSelectionTool@@@2@@Z@@?$Future@UPreSegmentationResult@DVACompute@@@async@dvacore@@QEBA?A_P$$QEAV?$shared_ptr@VAsyncExecutor@threads@dvacore@@@std@@$$QEAV1?1??PreSegmentLayerImage@ObjectSelectionTool@@QEAAXVGuid@utility@4@HAEBUT_Time@@PEBVPF_World@@V?$shared_ptr@VFramePreSeg@ObjectSelectionTool@@@6@@Z@@Z@V?$Promise@X@34@@?$Future@UPreSegmentationResult@DVACompute@@@async@dvacore@@AEBA?A_P$$QEAV3?1???$OnSuccessWithExecutor@V?$shared_ptr@VAsyncExecutor@threads@dvacore@@@std@@V<lambda_1>@?1??PreSegmentLayerImage@ObjectSelectionTool@@QEAAXVGuid@utility@dvacore@@HAEBUT_Time@@PEBVPF_World@@V?$shared_ptr@VFramePreSeg@ObjectSelectionTool@@@2@@Z@@456@QEBA?A_P$$QEAV12@$$QEAV3?1??PreSegmentLayerImage@ObjectSelectionTool@@QEAAXVGuid@utility@6@HAEBUT_Time@@PEBVPF_World@@V?$shared_ptr@VFramePreSeg@ObjectSelectionTool@@@2@@Z@@Z@$$QEAV?$Promise@X@56@@Z@@detail@async@dvacore@@YAX$$QEAV?$shared_ptr@VAsyncExecutor@threads@dvacore@@@std@@$$QEAV1?1???$MakeContinuation@V<lambda_1>@?1???$OnSuccessWithExecutor@V?$shared_ptr@VAsyncExecutor@threads@dvacore@@@std@@V<lambda_1>@?1??PreSegmentLayerImage@ObjectSelectionTool@@QEAAXVGuid@utility@dvacore@@HAEBUT_Time@@PEBVPF_World@@V?$shared_ptr@VFramePreSeg@ObjectSelectionTool@@@2@@Z@@?$Future@UPreSegmentationResult@DVACompute@@@async@dvacore@@QEBA?A_P$$QEAV?$shared_ptr@VAsyncExecutor@threads@dvacore@@@std@@$$QEAV1?1??PreSegmentLayerImage@ObjectSelectionTool@@QEAAXVGuid@utility@4@HAEBUT_Time@@PEBVPF_World@@V?$shared_ptr@VFramePreSeg@ObjectSelectionTool@@@6@@Z@@Z@V?$Promise@X@34@@?$Future@UPreSegmentationResult@DVACompute@@@34@AEBA?A_P$$QEAV1?1???$OnSuccessWithExecutor@V?$shared_ptr@VAsyncExecutor@threads@dvacore@@@std@@V<lambda_1>@?1??PreSegmentLayerImage@ObjectSelectionTool@@QEAAXVGuid@utility@dvacore@@HAEBUT_Time@@PEBVPF_World@@V?$shared_ptr@VFramePreSeg@ObjectSelectionTool@@@2@@Z@@734@QEBA?A_P0$$QEAV1?1??PreSegmentLayerImage@ObjectSelectionTool@@QEAAXVGuid@utility@4@HAEBUT_Time@@PEBVPF_World@@V?$shared_ptr@VFramePreSeg@ObjectSelectionTool@@@6@@Z@@Z@$$QEAV?$Promise@X@34@@Z@V?$shared_ptr@VUntypedFutureState@detail@async@dvacore@@@6@@Z@X$$V@std@@
AfterFXLib.dll,33374912,0x1fd42c0,objectselection|preseg|selectiontool,.?AV?$_Ref_count_obj_alloc3@V?$InvocationImplementation@V<lambda_1>@?4???$SetUpOnExceptionHandler@V<lambda_3>@?1??PreSegmentLayerImage@ObjectSelectionTool@@QEAAXVGuid@utility@dvacore@@HAEBUT_Time@@PEBVPF_World@@V?$shared_ptr@VFramePreSeg@ObjectSelectionTool@@@std@@@Z@V?$Promise@X@async@6@@?$Future@UPreSegmentationResult@DVACompute@@@async@dvacore@@IEBAX$$QEAV<lambda_3>@?1??PreSegmentLayerImage@ObjectSelectionTool@@QEAAXVGuid@utility@4@HAEBUT_Time@@PEBVPF_World@@V?$shared_ptr@VFramePreSeg@ObjectSelectionTool@@@std@@@Z@$$QEAV?$Promise@X@34@@Z@$$A6AXXZ@detail@dvacore@@U?$STLAllocator@V?$InvocationImplementation@V<lambda_1>@?4???$SetUpOnExceptionHandler@V<lambda_3>@?1??PreSegmentLayerImage@ObjectSelectionTool@@QEAAXVGuid@utility@dvacore@@HAEBUT_Time@@PEBVPF_World@@V?$shared_ptr@VFramePreSeg@ObjectSelectionTool@@@std@@@Z@V?$Promise@X@async@6@@?$Future@UPreSegmentationResult@DVACompute@@@async@dvacore@@IEBAX$$QEAV<lambda_3>@?1??PreSegmentLayerImage@ObjectSelectionTool@@QEAAXVGuid@utility@4@HAEBUT_Time@@PEBVPF_World@@V?$shared_ptr@VFramePreSeg@ObjectSelectionTool@@@std@@@Z@$$QEAV?$Promise@X@34@@Z@$$A6AXXZ@detail@dvacore@@@allocator@3@@std@@
AfterFXLib.dll,33376080,0x1fd4750,objectselection|preseg|selectiontool,.?AV?$_Ebco_base@U?$STLAllocator@V?$InvocationImplementation@V<lambda_1>@?4???$SetUpOnExceptionHandler@V<lambda_3>@?1??PreSegmentLayerImage@ObjectSelectionTool@@QEAAXVGuid@utility@dvacore@@HAEBUT_Time@@PEBVPF_World@@V?$shared_ptr@VFramePreSeg@ObjectSelectionTool@@@std@@@Z@V?$Promise@X@async@6@@?$Future@UPreSegmentationResult@DVACompute@@@async@dvacore@@IEBAX$$QEAV<lambda_3>@?1??PreSegmentLayerImage@ObjectSelectionTool@@QEAAXVGuid@utility@4@HAEBUT_Time@@PEBVPF_World@@V?$shared_ptr@VFramePreSeg@ObjectSelectionTool@@@std@@@Z@$$QEAV?$Promise@X@34@@Z@$$A6AXXZ@detail@dvacore@@@allocator@dvacore@@$00@std@@
AfterFXLib.dll,33376704,0x1fd49c0,objectselection|preseg|selectiontool,.?AU?$STLAllocator@V?$InvocationImplementation@V<lambda_1>@?4???$SetUpOnExceptionHandler@V<lambda_3>@?1??PreSegmentLayerImage@ObjectSelectionTool@@QEAAXVGuid@utility@dvacore@@HAEBUT_Time@@PEBVPF_World@@V?$shared_ptr@VFramePreSeg@ObjectSelectionTool@@@std@@@Z@V?$Promise@X@async@6@@?$Future@UPreSegmentationResult@DVACompute@@@async@dvacore@@IEBAX$$QEAV<lambda_3>@?1??PreSegmentLayerImage@ObjectSelectionTool@@QEAAXVGuid@utility@4@HAEBUT_Time@@PEBVPF_World@@V?$shared_ptr@VFramePreSeg@ObjectSelectionTool@@@std@@@Z@$$QEAV?$Promise@X@34@@Z@$$A6AXXZ@detail@dvacore@@@allocator@dvacore@@
AfterFXLib.dll,33377312,0x1fd4c20,objectselection|preseg|selectiontool,.?AV?$_Ref_count_obj_alloc3@V?$InvocationImplementation@V<lambda_1>@?4???$SetUpOnFailureHandler@V<lambda_2>@?1??PreSegmentLayerImage@ObjectSelectionTool@@QEAAXVGuid@utility@dvacore@@HAEBUT_Time@@PEBVPF_World@@V?$shared_ptr@VFramePreSeg@ObjectSelectionTool@@@std@@@Z@V?$Promise@X@async@6@@?$Future@UPreSegmentationResult@DVACompute@@@async@dvacore@@IEBAX$$QEAV<lambda_2>@?1??PreSegmentLayerImage@ObjectSelectionTool@@QEAAXVGuid@utility@4@HAEBUT_Time@@PEBVPF_World@@V?$shared_ptr@VFramePreSeg@ObjectSelectionTool@@@std@@@Z@$$QEAV?$Promise@X@34@@Z@$$A6AXXZ@detail@dvacore@@U?$STLAllocator@V?$InvocationImplementation@V<lambda_1>@?4???$SetUpOnFailureHandler@V<lambda_2>@?1??PreSegmentLayerImage@ObjectSelectionTool@@QEAAXVGuid@utility@dvacore@@HAEBUT_Time@@PEBVPF_World@@V?$shared_ptr@VFramePreSeg@ObjectSelectionTool@@@std@@@Z@V?$Promise@X@async@6@@?$Future@UPreSegmentationResult@DVACompute@@@async@dvacore@@IEBAX$$QEAV<lambda_2>@?1??PreSegmentLayerImage@ObjectSelectionTool@@QEAAXVGuid@utility@4@HAEBUT_Time@@PEBVPF_World@@V?$shared_ptr@VFramePreSeg@ObjectSelectionTool@@@std@@@Z@$$QEAV?$Promise@X@34@@Z@$$A6AXXZ@detail@dvacore@@@allocator@3@@std@@
AfterFXLib.dll,33378480,0x1fd50b0,objectselection|preseg|selectiontool,.?AV?$_Ebco_base@U?$STLAllocator@V?$InvocationImplementation@V<lambda_1>@?4???$SetUpOnFailureHandler@V<lambda_2>@?1??PreSegmentLayerImage@ObjectSelectionTool@@QEAAXVGuid@utility@dvacore@@HAEBUT_Time@@PEBVPF_World@@V?$shared_ptr@VFramePreSeg@ObjectSelectionTool@@@std@@@Z@V?$Promise@X@async@6@@?$Future@UPreSegmentationResult@DVACompute@@@async@dvacore@@IEBAX$$QEAV<lambda_2>@?1??PreSegmentLayerImage@ObjectSelectionTool@@QEAAXVGuid@utility@4@HAEBUT_Time@@PEBVPF_World@@V?$shared_ptr@VFramePreSeg@ObjectSelectionTool@@@std@@@Z@$$QEAV?$Promise@X@34@@Z@$$A6AXXZ@detail@dvacore@@@allocator@dvacore@@$00@std@@
AfterFXLib.dll,33379104,0x1fd5320,objectselection|preseg|selectiontool,.?AU?$STLAllocator@V?$InvocationImplementation@V<lambda_1>@?4???$SetUpOnFailureHandler@V<lambda_2>@?1??PreSegmentLayerImage@ObjectSelectionTool@@QEAAXVGuid@utility@dvacore@@HAEBUT_Time@@PEBVPF_World@@V?$shared_ptr@VFramePreSeg@ObjectSelectionTool@@@std@@@Z@V?$Promise@X@async@6@@?$Future@UPreSegmentationResult@DVACompute@@@async@dvacore@@IEBAX$$QEAV<lambda_2>@?1??PreSegmentLayerImage@ObjectSelectionTool@@QEAAXVGuid@utility@4@HAEBUT_Time@@PEBVPF_World@@V?$shared_ptr@VFramePreSeg@ObjectSelectionTool@@@std@@@Z@$$QEAV?$Promise@X@34@@Z@$$A6AXXZ@detail@dvacore@@@allocator@dvacore@@
AfterFXLib.dll,33379760,0x1fd55b0,objectselection|preseg|selectiontool,.?AV?$_Ebco_base@U?$STLAllocator@V?$InvocationImplementation@V<lambda_1>@?1???$AddContinuationWithExecutor@V?$shared_ptr@VAsyncExecutor@threads@dvacore@@@std@@V<lambda_1>@?1???$MakeContinuation@V<lambda_1>@?1???$OnSuccessWithExecutor@V?$shared_ptr@VAsyncExecutor@threads@dvacore@@@std@@V<lambda_1>@?1??PreSegmentLayerImage@ObjectSelectionTool@@QEAAXVGuid@utility@dvacore@@HAEBUT_Time@@PEBVPF_World@@V?$shared_ptr@VFramePreSeg@ObjectSelectionTool@@@2@@Z@@?$Future@UPreSegmentationResult@DVACompute@@@async@dvacore@@QEBA?A_P$$QEAV?$shared_ptr@VAsyncExecutor@threads@dvacore@@@std@@$$QEAV1?1??PreSegmentLayerImage@ObjectSelectionTool@@QEAAXVGuid@utility@4@HAEBUT_Time@@PEBVPF_World@@V?$shared_ptr@VFramePreSeg@ObjectSelectionTool@@@6@@Z@@Z@V?$Promise@X@34@@?$Future@UPreSegmentationResult@DVACompute@@@async@dvacore@@AEBA?A_P$$QEAV3?1???$OnSuccessWithExecutor@V?$shared_ptr@VAsyncExecutor@threads@dvacore@@@std@@V<lambda_1>@?1??PreSegmentLayerImage@ObjectSelectionTool@@QEAAXVGuid@utility@dvacore@@HAEBUT_Time@@PEBVPF_World@@V?$shared_ptr@VFramePreSeg@ObjectSelectionTool@@@2@@Z@@456@QEBA?A_P$$QEAV12@$$QEAV3?1??PreSegmentLayerImage@ObjectSelectionTool@@QEAAXVGuid@utility@6@HAEBUT_Time@@PEBVPF_World@@V?$shared_ptr@VFramePreSeg@ObjectSelectionTool@@@2@@Z@@Z@$$QEAV?$Promise@X@56@@Z@@UntypedFutureState@detail@async@dvacore@@QEAAX$$QEAV?$shared_ptr@VAsyncExecutor@threads@dvacore@@@std@@$$QEAV1?1???$MakeContinuation@V<lambda_1>@?1???$OnSuccessWithExecutor@V?$shared_ptr@VAsyncExecutor@threads@dvacore@@@std@@V<lambda_1>@?1??PreSegmentLayerImage@ObjectSelectionTool@@QEAAXVGuid@utility@dvacore@@HAEBUT_Time@@PEBVPF_World@@V?$shared_ptr@VFramePreSeg@ObjectSelectionTool@@@2@@Z@@?$Future@UPreSegmentationResult@DVACompute@@@async@dvacore@@QEBA?A_P$$QEAV?$shared_ptr@VAsyncExecutor@threads@dvacore@@@std@@$$QEAV1?1??PreSegmentLayerImage@ObjectSelectionTool@@QEAAXVGuid@utility@4@HAEBUT_Time@@PEBVPF_World@@V?$shared_ptr@VFramePreSeg@ObjectSelectionTool@@@6@@Z@@Z@V?$Promise@X@34@@?$Future@UPreSegmentationResult@DVACompute@@@45@AEBA?A_P$$QEAV1?1???$OnSuccessWithExecutor@V?$shared_ptr@VAsyncExecutor@threads@dvacore@@@std@@V<lambda_1>@?1??PreSegmentLayerImage@ObjectSelectionTool@@QEAAXVGuid@utility@dvacore@@HAEBUT_Time@@PEBVPF_World@@V?$shared_ptr@VFramePreSeg@ObjectSelectionTool@@@2@@Z@@845@QEBA?A_P0$$QEAV1?1??PreSegmentLayerImage@ObjectSelectionTool@@QEAAXVGuid@utility@5@HAEBUT_Time@@PEBVPF_World@@V?$shared_ptr@VFramePreSeg@ObjectSelectionTool@@@7@@Z@@Z@$$QEAV?$Promise@X@45@@Z@@Z@$$A6AXXZ@detail@dvacore@@@allocator@dvacore@@$00@std@@
AfterFXLib.dll,33382320,0x1fd5fb0,objectselection|preseg|selectiontool,.?AU?$STLAllocator@V?$InvocationImplementation@V<lambda_1>@?1???$AddContinuationWithExecutor@V?$shared_ptr@VAsyncExecutor@threads@dvacore@@@std@@V<lambda_1>@?1???$MakeContinuation@V<lambda_1>@?1???$OnSuccessWithExecutor@V?$shared_ptr@VAsyncExecutor@threads@dvacore@@@std@@V<lambda_1>@?1??PreSegmentLayerImage@ObjectSelectionTool@@QEAAXVGuid@utility@dvacore@@HAEBUT_Time@@PEBVPF_World@@V?$shared_ptr@VFramePreSeg@ObjectSelectionTool@@@2@@Z@@?$Future@UPreSegmentationResult@DVACompute@@@async@dvacore@@QEBA?A_P$$QEAV?$shared_ptr@VAsyncExecutor@threads@dvacore@@@std@@$$QEAV1?1??PreSegmentLayerImage@ObjectSelectionTool@@QEAAXVGuid@utility@4@HAEBUT_Time@@PEBVPF_World@@V?$shared_ptr@VFramePreSeg@ObjectSelectionTool@@@6@@Z@@Z@V?$Promise@X@34@@?$Future@UPreSegmentationResult@DVACompute@@@async@dvacore@@AEBA?A_P$$QEAV3?1???$OnSuccessWithExecutor@V?$shared_ptr@VAsyncExecutor@threads@dvacore@@@std@@V<lambda_1>@?1??PreSegmentLayerImage@ObjectSelectionTool@@QEAAXVGuid@utility@dvacore@@HAEBUT_Time@@PEBVPF_World@@V?$shared_ptr@VFramePreSeg@ObjectSelectionTool@@@2@@Z@@456@QEBA?A_P$$QEAV12@$$QEAV3?1??PreSegmentLayerImage@ObjectSelectionTool@@QEAAXVGuid@utility@6@HAEBUT_Time@@PEBVPF_World@@V?$shared_ptr@VFramePreSeg@ObjectSelectionTool@@@2@@Z@@Z@$$QEAV?$Promise@X@56@@Z@@UntypedFutureState@detail@async@dvacore@@QEAAX$$QEAV?$shared_ptr@VAsyncExecutor@threads@dvacore@@@std@@$$QEAV1?1???$MakeContinuation@V<lambda_1>@?1???$OnSuccessWithExecutor@V?$shared_ptr@VAsyncExecutor@threads@dvacore@@@std@@V<lambda_1>@?1??PreSegmentLayerImage@ObjectSelectionTool@@QEAAXVGuid@utility@dvacore@@HAEBUT_Time@@PEBVPF_World@@V?$shared_ptr@VFramePreSeg@ObjectSelectionTool@@@2@@Z@@?$Future@UPreSegmentationResult@DVACompute@@@async@dvacore@@QEBA?A_P$$QEAV?$shared_ptr@VAsyncExecutor@threads@dvacore@@@std@@$$QEAV1?1??PreSegmentLayerImage@ObjectSelectionTool@@QEAAXVGuid@utility@4@HAEBUT_Time@@PEBVPF_World@@V?$shared_ptr@VFramePreSeg@ObjectSelectionTool@@@6@@Z@@Z@V?$Promise@X@34@@?$Future@UPreSegmentationResult@DVACompute@@@45@AEBA?A_P$$QEAV1?1???$OnSuccessWithExecutor@V?$shared_ptr@VAsyncExecutor@threads@dvacore@@@std@@V<lambda_1>@?1??PreSegmentLayerImage@ObjectSelectionTool@@QEAAXVGuid@utility@dvacore@@HAEBUT_Time@@PEBVPF_World@@V?$shared_ptr@VFramePreSeg@ObjectSelectionTool@@@2@@Z@@845@QEBA?A_P0$$QEAV1?1??PreSegmentLayerImage@ObjectSelectionTool@@QEAAXVGuid@utility@5@HAEBUT_Time@@PEBVPF_World@@V?$shared_ptr@VFramePreSeg@ObjectSelectionTool@@@7@@Z@@Z@$$QEAV?$Promise@X@45@@Z@@Z@$$A6AXXZ@detail@dvacore@@@allocator@dvacore@@
AfterFXLib.dll,33467136,0x1feab00,objectselection,.?AV?$_Func_impl_no_alloc@V<lambda_1>@?1???R1?1??RefreshObjectSelectionUI@CEggApp@@QEAAXH@Z@QEBA@AEAVCDirProjItem@@@Z@XPEAVCPanoProjItem@@@std@@
AfterFXLib.dll,33467312,0x1feabb0,objectselection,.?AV?$_Func_impl_no_alloc@V<lambda_1>@?1??RefreshObjectSelectionUI@CEggApp@@QEAAXH@Z@XAEAVCDirProjItem@@@std@@
