guide_symbol,match_kind,confidence,candidate_count,candidates,fuzzy_score
AEFX_SuiteScope,fuzzy-review,review,1,AEFX_SuiteScoper,0.9655;margin=0.9655
AEGPDriver,no-candidate,review,0,,
AEGPIOOutSuite4,exact-normalized,high,1,AEGP_IOOutSuite4,
AEGPSetLayerTransferMode,exact-normalized,high,1,AEGP_SetLayerTransferMode,
AEGP_AlphaFlag,fuzzy-review,review,1,AEGP_AlphaFlags,0.9630;margin=0.9630
AEGP_CComputeKeyP,fuzzy-review,review,2,AEGP_CCComputeKeyP;AEGP_CCComputeKey,0.9697;margin=0.0322
AEGP_CanvasSuite,suite-family,high-family,7,AEGP_CanvasSuite1;AEGP_CanvasSuite2;AEGP_CanvasSuite4;AEGP_CanvasSuite5;AEGP_CanvasSuite6;AEGP_CanvasSuite7;AEGP_CanvasSuite8,
AEGP_ClassUnRegister,exact-normalized,high,1,AEGP_ClassUnregister,
AEGP_CollectionItems,fuzzy-review,review,2,AEGP_CollectionItem;AEGP_CollectionItemV2,0.9730;margin=0.0499
AEGP_CollectionSuite,suite-family,high-family,2,AEGP_CollectionSuite1;AEGP_CollectionSuite2,
AEGP_ColorSettingsSuite,suite-family,high-family,6,AEGP_ColorSettingsSuite1;AEGP_ColorSettingsSuite2;AEGP_ColorSettingsSuite3;AEGP_ColorSettingsSuite4;AEGP_ColorSettingsSuite5;AEGP_ColorSettingsSuite6,
AEGP_CompFlag_GRID_TO_FRAME,fuzzy-review,review,1,AEGP_CompFlag_GRID_TO_FRAMES,0.9787;margin=0.9787
AEGP_CompSuite,suite-family,high-family,12,AEGP_CompSuite1;AEGP_CompSuite10;AEGP_CompSuite11;AEGP_CompSuite12;AEGP_CompSuite2;AEGP_CompSuite3;AEGP_CompSuite4;AEGP_CompSuite5;AEGP_CompSuite6;AEGP_CompSuite7;AEGP_CompSuite8;AEGP_CompSuite9,
AEGP_CompositeSuite,suite-family,high-family,1,AEGP_CompositeSuite2,
AEGP_Comps,fuzzy-review,review,1,AEGP_CompH,0.8889;margin=0.8889
AEGP_ComputeCache,no-candidate,review,0,,
AEGP_DynamicStreamSuite,suite-family,high-family,4,AEGP_DynamicStreamSuite1;AEGP_DynamicStreamSuite2;AEGP_DynamicStreamSuite3;AEGP_DynamicStreamSuite4,
AEGP_EffectRef,fuzzy-review,review,1,AEGP_EffectRefH,0.9630;margin=0.9630
AEGP_EffectRefHs,fuzzy-review,review,1,AEGP_EffectRefH,0.9655;margin=0.9655
AEGP_Effect_RefH,exact-normalized,high,1,AEGP_EffectRefH,
AEGP_Effect_RefHs,fuzzy-review,review,1,AEGP_EffectRefH,0.9655;margin=0.9655
AEGP_Footage_Depth_1,exact-normalized,high,1,AEGP_FootageDepth_1,
AEGP_Footage_Depth_16,exact-normalized,high,1,AEGP_FootageDepth_16,
AEGP_Footage_Depth_2,exact-normalized,high,1,AEGP_FootageDepth_2,
AEGP_Footage_Depth_24,exact-normalized,high,1,AEGP_FootageDepth_24,
AEGP_Footage_Depth_30,exact-normalized,high,1,AEGP_FootageDepth_30,
AEGP_Footage_Depth_32,exact-normalized,high,1,AEGP_FootageDepth_32,
AEGP_Footage_Depth_4,exact-normalized,high,1,AEGP_FootageDepth_4,
AEGP_Footage_Depth_48,exact-normalized,high,1,AEGP_FootageDepth_48,
AEGP_Footage_Depth_64,exact-normalized,high,1,AEGP_FootageDepth_64,
AEGP_Footage_Depth_8,exact-normalized,high,1,AEGP_FootageDepth_8,
AEGP_Footage_Depth_GRAY_16,exact-normalized,high,1,AEGP_FootageDepth_GRAY_16,
AEGP_Footage_Depth_GRAY_2,exact-normalized,high,1,AEGP_FootageDepth_GRAY_2,
AEGP_Footage_Depth_GRAY_4,exact-normalized,high,1,AEGP_FootageDepth_GRAY_4,
AEGP_Footage_Depth_GRAY_8,exact-normalized,high,1,AEGP_FootageDepth_GRAY_8,
AEGP_GetDefaultCamera,no-candidate,review,0,,
AEGP_GetDriverSpecVersion,no-candidate,review,0,,
AEGP_GetIndProject,no-candidate,review,0,,
AEGP_GetNewColorProfile,no-candidate,review,0,,
AEGP_GetNewICCProfile,no-candidate,review,0,,
AEGP_GetNewMaskOpacity,no-candidate,review,0,,
AEGP_GetNthLayerIndexToRender,fuzzy-review,review,1,AEGP_GetNthLayerContextToRender,0.8966;margin=0.8966
AEGP_GetProjectProjectByIndex,no-candidate,review,0,,
AEGP_IOInSuite,suite-family,high-family,4,AEGP_IOInSuite4;AEGP_IOInSuite5;AEGP_IOInSuite6;AEGP_IOInSuite7,
AEGP_IOOutSuite,suite-family,high-family,3,AEGP_IOOutSuite4;AEGP_IOOutSuite5;AEGP_IOOutSuite6,
AEGP_InSpecGetRational,no-candidate,review,0,,
AEGP_Item,fuzzy-review,review,1,AEGP_ItemH,0.9412;margin=0.9412
AEGP_ItemHs,fuzzy-review,review,1,AEGP_ItemH,0.9474;margin=0.9474
AEGP_ItemSuite,suite-family,high-family,9,AEGP_ItemSuite1;AEGP_ItemSuite2;AEGP_ItemSuite3;AEGP_ItemSuite4;AEGP_ItemSuite5;AEGP_ItemSuite6;AEGP_ItemSuite7;AEGP_ItemSuite8;AEGP_ItemSuite9,
AEGP_ItemViewSuite,suite-family,high-family,1,AEGP_ItemViewSuite1,
AEGP_Items,fuzzy-review,review,1,AEGP_ItemH,0.8889;margin=0.8889
AEGP_KeyframeEases,fuzzy-review,review,1,AEGP_KeyframeEase,0.9697;margin=0.9697
AEGP_KeyframeInterpolationTypes,fuzzy-review,review,1,AEGP_KeyframeInterpolationType,0.9831;margin=0.9831
AEGP_KeyframeSuite,suite-family,high-family,5,AEGP_KeyframeSuite1;AEGP_KeyframeSuite2;AEGP_KeyframeSuite3;AEGP_KeyframeSuite4;AEGP_KeyframeSuite5,
AEGP_LayerRenderOptionsSuite,suite-family,high-family,2,AEGP_LayerRenderOptionsSuite1;AEGP_LayerRenderOptionsSuite2,
AEGP_LayerStream_METAL_COEFF,fuzzy-review,review,2,AEGP_LayerStream_METAL;AEGP_LayerStream_AMBIENT_COEFF,0.8889;margin=0.0043
AEGP_LayerStream_SHININESS_COEFF,no-candidate,review,0,,
AEGP_LayerStream_SPECULAR_COEFF,no-candidate,review,0,,
AEGP_LayerSuite,suite-family,high-family,9,AEGP_LayerSuite1;AEGP_LayerSuite2;AEGP_LayerSuite3;AEGP_LayerSuite4;AEGP_LayerSuite5;AEGP_LayerSuite6;AEGP_LayerSuite7;AEGP_LayerSuite8;AEGP_LayerSuite9,
AEGP_LogtType,fuzzy-review,review,2,AEGP_LogType;AEGP_LightType,0.9565;margin=0.0765
AEGP_MAX_PROJ_NAME_LEN,no-candidate,review,0,,
AEGP_MAX_STREAM_NAME_LEN,no-candidate,review,0,,
AEGP_MAX_TYPE_NAME_LEN,no-candidate,review,0,,
AEGP_MarkerSuite,suite-family,high-family,3,AEGP_MarkerSuite1;AEGP_MarkerSuite2;AEGP_MarkerSuite3,
AEGP_MaskH,no-candidate,review,0,,
AEGP_MaskOutlineSuite,suite-family,high-family,3,AEGP_MaskOutlineSuite1;AEGP_MaskOutlineSuite2;AEGP_MaskOutlineSuite3,
AEGP_MaskOutlineVal,fuzzy-review,review,1,AEGP_MaskOutlineValH,0.9730;margin=0.9730
AEGP_MaskSuite,suite-family,high-family,6,AEGP_MaskSuite1;AEGP_MaskSuite2;AEGP_MaskSuite3;AEGP_MaskSuite4;AEGP_MaskSuite5;AEGP_MaskSuite6,
AEGP_MemID,no-candidate,review,0,,
AEGP_NumProjects,fuzzy-review,review,1,AEGP_GetNumProjects,0.9091;margin=0.9091
AEGP_PFInterfaceSuite,suite-family,high-family,1,AEGP_PFInterfaceSuite1,
AEGP_PersistentDateSuite4,fuzzy-review,review,3,AEGP_PersistentDataSuite4;kAEGPPersistentDataSuite;AEGP_PersistentDataSuite3,0.9583;margin=0.0417
AEGP_Projec,fuzzy-review,review,1,AEGP_ProjectH,0.9091;margin=0.9091
AEGP_QueryXFormSuite2,exact-normalized,high,1,AEGP_QueryXformSuite2,
AEGP_RQItemRef,fuzzy-review,review,1,AEGP_RQItemRefH,0.9630;margin=0.9630
AEGP_RegisterClass,no-candidate,review,0,,
AEGP_RegisterSuite,suite-family,high-family,1,AEGP_RegisterSuite5,
AEGP_RenderQueueMonitorSuite,suite-family,high-family,1,AEGP_RenderQueueMonitorSuite1,
AEGP_RenderSuite,suite-family,high-family,5,AEGP_RenderSuite1;AEGP_RenderSuite2;AEGP_RenderSuite3;AEGP_RenderSuite4;AEGP_RenderSuite5,
AEGP_SetCompFramerate,exact-normalized,high,1,AEGP_SetCompFrameRate,
AEGP_SetFootageInterpreta,fuzzy-review,review,2,AEGP_SetFootageInterpretation;AEGP_GetFootageInterpretation,0.9231;margin=0.0385
AEGP_SoundDataSuite,suite-family,high-family,1,AEGP_SoundDataSuite1,
AEGP_SoundDateSuite1,fuzzy-review,review,2,AEGP_SoundDataSuite1;kAEGPSoundDataSuite,0.9474;margin=0.0526
AEGP_SoundWorld,no-candidate,review,0,,
AEGP_StreamRefHs,fuzzy-review,review,1,AEGP_StreamRefH,0.9655;margin=0.9655
AEGP_StreamSuite,suite-family,high-family,6,AEGP_StreamSuite1;AEGP_StreamSuite2;AEGP_StreamSuite3;AEGP_StreamSuite4;AEGP_StreamSuite5;AEGP_StreamSuite6,
AEGP_StreamValue2s,fuzzy-review,review,3,AEGP_StreamValue2;AEGP_StreamValue;AEGP_StreamVal2,0.9697;margin=0.0322
AEGP_TextLayerSuite,suite-family,high-family,1,AEGP_TextLayerSuite1,
AEGP_TextOutlinesHs,fuzzy-review,review,1,AEGP_TextOutlinesH,0.9714;margin=0.9714
AEGP_UtilitySuite,suite-family,high-family,6,AEGP_UtilitySuite1;AEGP_UtilitySuite2;AEGP_UtilitySuite3;AEGP_UtilitySuite4;AEGP_UtilitySuite5;AEGP_UtilitySuite6,
AEGP_World,fuzzy-review,review,1,AEGP_WorldH,0.9474;margin=0.9474
AEGP_Worlds,fuzzy-review,review,1,AEGP_WorldH,0.9000;margin=0.9000
AEGPs,no-candidate,review,0,,
AEIO_Err_USE_DEFAULT_CALLBACK,fuzzy-review,review,1,AEIO_Err_USE_DFLT_CALLBACK,0.9362;margin=0.9362
AEIO_FileKinds,fuzzy-review,review,1,AEIO_FileKind,0.9600;margin=0.9600
AEIO_FunctionBlock,fuzzy-review,review,1,AEIO_FunctionBlock4,0.9714;margin=0.9714
AEIO_InSpec,fuzzy-review,review,1,AEIO_InSpecH,0.9524;margin=0.9524
AEIO_Num,no-candidate,review,0,,
AEIO_OptionsFlags,no-candidate,review,0,,
AEIO_SndWorldH,no-candidate,review,0,,
AEIOs,no-candidate,review,0,,
AE_CacheOnLoadSuite,no-candidate,review,0,,
AE_ChannelSuites,fuzzy-review,review,1,_H_AE_ChannelSuites,0.9677;margin=0.9677
AE_Effect_Description,no-candidate,review,0,,
AE_Effect_Global_OutFlags,no-candidate,review,0,,
AE_Effect_Global_OutFlags_2,no-candidate,review,0,,
AE_Effect_Info_Flags,no-candidate,review,0,,
AE_Effect_Match_Name,no-candidate,review,0,,
AE_Effect_Search_Keywords,no-candidate,review,0,,
AE_Effect_Spec_Version,no-candidate,review,0,,
AE_Effect_Support_URL,no-candidate,review,0,,
AE_Effect_Version,no-candidate,review,0,,
AE_PLUGIN_BUILD_DIR,no-candidate,review,0,,
AE_PiPL_Version,no-candidate,review,0,,
AE_Reserved_Info,no-candidate,review,0,,
A_FloatLong,no-candidate,review,0,,
A_FpLongs,fuzzy-review,review,1,A_FpLong,0.9333;margin=0.9333
A_Long,exact-normalized,high,1,A_long,
A_longs,fuzzy-review,review,1,A_long,0.9091;margin=0.9091
DRAWBOT_DrawbotSuite,suite-family,high-family,1,DRAWBOT_DrawbotSuite1,
DRAWBOT_PathSuite,suite-family,high-family,1,DRAWBOT_PathSuite1,
DRAWBOT_SupplierSuite,suite-family,high-family,1,DRAWBOT_SupplierSuite1,
DRAWBOT_SurfaceSuite,suite-family,high-family,2,DRAWBOT_SurfaceSuite1;DRAWBOT_SurfaceSuite2,
PFParamUtilsSuite3,exact-normalized,high,1,PF_ParamUtilsSuite3,
PFR,no-candidate,review,0,,
PF_ANSICallbackSuite1,fuzzy-review,review,1,PF_ANSICallbacksSuite1,0.9756;margin=0.9756
PF_AdvAppSuite,suite-family,high-family,2,PF_AdvAppSuite1;PF_AdvAppSuite2,
PF_AdvTimeSuite,suite-family,high-family,4,PF_AdvTimeSuite1;PF_AdvTimeSuite2;PF_AdvTimeSuite3;PF_AdvTimeSuite4,
PF_AngleParamSuite,suite-family,high-family,1,PF_AngleParamSuite1,
PF_AppSuite,suite-family,high-family,3,PFAppSuite4;PFAppSuite5;PFAppSuite6,
PF_Button,no-candidate,review,0,,
PF_Cmd_GPU_SMART_RENDER_GPU,fuzzy-review,review,1,PF_Cmd_SMART_RENDER_GPU,0.9268;margin=0.9268
PF_Cmd_PARAM_SETUP,fuzzy-review,review,1,PF_Cmd_PARAMS_SETUP,0.9677;margin=0.9677
PF_Cmd_SEQUENCE_RESETUPs,fuzzy-review,review,2,PF_Cmd_SEQUENCE_RESETUP;PF_Cmd_SEQUENCE_SETUP,0.9756;margin=0.0525
PF_Cmd_SMART_PRERENDER,exact-normalized,high,1,PF_Cmd_SMART_PRE_RENDER,
PF_ColorCallbacksSuite,suite-family,high-family,1,PF_ColorCallbacksSuite1,
PF_EVENT_DRAW,exact-normalized,high,1,PF_Event_DRAW,
PF_EffectCustomUIOverlayThemeSuite,suite-family,high-family,1,PF_EffectCustomUIOverlayThemeSuite1,
PF_EffectCustomUISuite,suite-family,high-family,2,PF_EffectCustomUISuite1;PF_EffectCustomUISuite2,
PF_EffectSequeceDataSuite1,fuzzy-review,review,2,PF_EffectSequenceDataSuite1;kPFEffectSequenceDataSuite,0.9804;margin=0.0392
PF_EffectUISuite,suite-family,high-family,1,PF_EffectUISuite1,
PF_FPLong,exact-normalized,high,1,PF_FpLong,
PF_FpLongs,fuzzy-review,review,1,PF_FpLong,0.9412;margin=0.9412
PF_GET_PLATFORM_REFS,no-candidate,review,0,,
PF_GPU_Framework_None,exact-normalized,high,1,PF_GPU_Framework_NONE,
PF_GetFloatingPoint,no-candidate,review,0,,
PF_HLS_PIXEL,no-candidate,review,0,,
PF_HasParamChanged,no-candidate,review,0,,
PF_Iterate8Suite,suite-family,high-family,2,PF_Iterate8Suite1;PF_Iterate8Suite2,
PF_LayerDefs,fuzzy-review,review,1,PF_LayerDef,0.9524;margin=0.9524
PF_OutFlag2_I_USE_COMP_TIMECODE,fuzzy-review,review,1,PF_OutFlag2_I_USE_TIMECODE,0.9167;margin=0.9167
PF_OutFlag2_PARAM_GROUP_START_COLLAPSED,fuzzy-review,review,1,PF_OutFlag2_PARAM_GROUP_START_COLLAPSED_FLAG,0.9444;margin=0.9444
PF_OutFlag2_SUPPORTS_GPU_RENDER_Fxx,fuzzy-review,review,1,PF_OutFlag2_SUPPORTS_GPU_RENDER_F32,0.9333;margin=0.9333
PF_OutFlag_RESERVED5,fuzzy-review,review,5,PF_OutFlag_RESERVED8;PF_OutFlag_RESERVED7;PF_OutFlag_RESERVED6;PF_OutFlag2_RESERVED9;PF_OutFlag2_RESERVED12,0.9444;margin=0.0000
PF_OutFlag_SEND_PARAMS_UPDATE,no-candidate,review,0,,
PF_OutFlag_SQUARE_PIX_ONLY,no-candidate,review,0,,
PF_Outflag_I_EXPAND_BUFFER,exact-normalized,high,1,PF_OutFlag_I_EXPAND_BUFFER,
PF_Outflag_NON_PARAM_VARY,exact-normalized,high,1,PF_OutFlag_NON_PARAM_VARY,
PF_PARAM_CHECKOUT,no-candidate,review,0,,
PF_ParamUtilSuite3,fuzzy-review,review,3,PF_ParamUtilsSuite3;kPFParamUtilsSuite;PF_ParamUtilsSuite1,0.9714;margin=0.0571
PF_Param_FLOAT_SLIDERs,fuzzy-review,review,1,PF_Param_FLOAT_SLIDER,0.9730;margin=0.9730
PF_Paramdef,no-candidate,review,0,,
PF_PixelPtrs,fuzzy-review,review,1,PF_PixelPtr,0.9524;margin=0.9524
PF_PlatData_EXE_FILE_PATH,fuzzy-review,review,2,PF_PlatData_EXE_FILE_PATH_W;PF_PlatData_RES_FILE_PATH_W,0.9767;margin=0.0930
PF_PlatData_RES_FILE_PATH,fuzzy-review,review,2,PF_PlatData_RES_FILE_PATH_W;PF_PlatData_EXE_FILE_PATH_W,0.9767;margin=0.0930
PF_Point3D,no-candidate,review,0,,
PF_REGISTER_EFFECT_EXT3,no-candidate,review,0,,
PF_Rational,no-candidate,review,0,,
PF_SamplingSuite,fuzzy-review,review,4,kPFSampling8Suite;PF_Sampling8Suite1;kPFSampling16Suite;PF_Sampling16Suite1,0.9375;margin=0.0000
PF_SoundWorlds,fuzzy-review,review,1,PF_SoundWorld,0.9600;margin=0.9600
PF_Suite_Helper,no-candidate,review,0,,
PF_TimeDisplayPref2,fuzzy-review,review,2,PF_TimeDisplayPref;PF_GetTimeDisplayPref,0.9714;margin=0.0767
PF_TimeDisplayPrefVersion,fuzzy-review,review,2,PF_TimeDisplayPrefVersion3;PF_TimeDisplayPrefVersion2,0.9796;margin=0.0000
PF_YIQ_PIXEL,no-candidate,review,0,,
PR_DialogResultis,fuzzy-review,review,1,PR_DialogResult,0.9333;margin=0.9333
PR_FrameRenderFunc,no-candidate,review,0,,
PrSDKAESupport,no-candidate,review,0,,
PrSDKPixelFormatSuite,no-candidate,review,0,,
