capability,host_scope,min_version,public_route,internal_evidence,context_constraints,cache_dependency_safety,maturity,status,risk,next_probe
Independent PF_Param_LAYER render stage,After Effects,26.5,AEGP_StreamSuite7,BEE_LayerRenderOptions; effect-prefix lineage,cycle-safe limit must be re-queried after topology change,public stage contract; downstream dependency behavior still needs runtime correlation,S2,supported-versioned,low,compare stage N with 25.6 upstream/downstream effect render options and receipt GUID
Create parametric mesh layer,After Effects,26.5,AEGP_CompSuite13 / AEGP_CreateParametricMeshLayerInComp,BEE parametric mesh/model surfaces,project mutation context and object lifetime follow AEGP contract,not primarily render dependency until created object participates in project,S1,supported-versioned,low,AEP differential and stream inventory for created layer
Read/write item and layer guides,After Effects,26.5,AEGP_GuideSuite1/2,guide/document-state runtime surfaces,guide data separated from per-view display state,document mutation invalidates UI state separately from render semantics,S2,supported-versioned,low,AEP persistence diff for guide orientation/position/color/pinning
Control guide visibility/snap/lock per view,After Effects,26.5,AEGP_ItemViewSuite2,view-state separation evidence,view lifetime / active view required,view-only state should not be assumed render identity,S2,supported-versioned,low,multi-view persistence and invalidation experiment
Render selected effect-stack prefix,After Effects,25.6,AEGP_LayerRenderOptionsSuite2 upstream/downstream constructors,BEE_GetEffectIncludedInRender; BEE LayerRenderOptions,effect index/count conventions differ across APIs,public request dimension; exact cache identity relation not yet proven,S2,supported-versioned,medium,correlate prefix with BEE RenderGuid and Canvas receipt status
Continue from partial Canvas render receipt,After Effects,legacy-current,AEGP Canvas render receipt APIs,BEE_CheckArtisanReceipt; BEE_GenerateArtisanReceipt,exact VALID_BUT_INCOMPLETE semantics unresolved,do not assume partial receipt directly satisfies later request,S1,experimental-contract,medium,run effect-prefix k<n receipt matrix
Mix extra SmartFX render identity,After Effects,SmartFX era,PF_OutFlag2_I_MIX_GUID_DEPENDENCIES / GuidMixInPtr,TDB GetRenderGuid/MixInValueAtTime; BEE RenderGuid,PreRender only; mix only render-relevant state,explicitly cache-sensitive and intended to influence internal cached-frame GUID,S3,supported-specialized,medium,controlled mix-in mutation vs cache-hit/GUID trace
Query exact internal Render Graph,After Effects,internal-only,none,RG.dll exports; RG_CacheNodeBase; RG_ExecuteGraph; BEE imports RG,no supported plug-in ownership/lifetime contract,observe-only until safe integration is reproduced,I2,internal-observation,high,trace RG node creation/cache validation from deterministic fixture
Access evaluated BEE VectorArt / AGM representation,After Effects,internal-only,none,BEE_VectorArt; PopulateVectorArt; AGM path/display-list exports,no supported object lifetime or mutation contract,unknown; bypassing stream/dependency layer may be unsafe,I2,internal-observation,high,non-invasive call-path trace and version comparison before any invocation
Control MediaCore source/decode below AEIO,After Effects,internal-only,AEIO exposes importer boundary only,BEE_LayerMCMediaInfo; BEE_LayerMCVideoSource; MF source/decode/cache,shared-media interface lifetimes and async cancellation are internal,source ContentState/DocumentID are distinct from compositing identity,I2,internal-observation,high,map AEIO request to BEE source-video identifier and decode request
Access Object Matte/FastMask analysis state,After Effects,26.x feature/internal,none-general,OM/ML/preseg GUID/workqueue/cache symbols; persistence evidence,analysis workers/cache/model lifetime internal,analysis result identity must not be conflated with rendered frame identity,I2,internal-observation,high,AEP/cache artifact differential and propagation invalidation tests
Effect search keywords / Effects Panel preview media,Premiere Pro Beta,27.0 beta,PiPL fields documented in shared C++ Guide,none needed,explicitly not an After Effects capability in current Guide,not applicable to AE,S0,not-after-effects,n/a,keep host-scope exclusion regression check
Third-party HTML panel and host scripting bridge,After Effects,legacy-current,CEP/CSXS + CEPManager + ExtendScript,AEFT CSXS manifests; CEPManager.aex; PlugPlug extension/event surface,CEP lifecycle and scripting security/preferences apply; UI/main-thread interactions distinct from render callbacks,does not automatically participate in PF render dependency tracking,S3,supported-extension-plane,medium,map CEP evalScript/event bridge to ExtendScript mutation and undo/render invalidation semantics
Adobe first-party UXP extension hosting,After Effects,22.5+,Adobe-shipped UXP manifests,AfterFXLib imports LoadExtensionById/CreateHostView/AttachHostView/SendEventToJS/SetClientHostAPIObject,first-party manifest/host integration observed; third-party DOM contract is separate,UI/host bridge only; no implication of render dependency registration,I3,firstparty-runtime-confirmed,medium,inventory AE-registered UXP host namespaces without invoking undocumented native exports
General third-party UXP extension discovery,After Effects,current-unknown,none-current-established,shared dvauxphost has GetUXP3pDescriptors/ThirdPartyHostAPI/dev-plugin scanner; AE-specific import set does not directly include those scanner entry points,shared host infrastructure does not prove AE enables generic 3p scan/current public host DOM,unknown,U1,unknown-current-contract,high,static discovery-path reconstruction then disposable-profile no-host-DOM discovery test
Cross-application extension messaging,After Effects,CEP era-current,CEP/PlugPlug/Vulcan plane,CEPManager Vulcan interface; PlugPlug/Vulcan imports and suite-message vocabulary,message targets/process lifetimes and payload schemas are service-specific,external messaging is not render dependency registration,S2,supported-shared-extension-plane,medium,inventory message namespaces and distinguish documented CEP/Vulcan services from Adobe-internal messages
Test whether a prior rendered frame is sufficient for a new request,After Effects,RenderOptionsSuite4/RenderSuite5 lineage,AEGP_IsRenderedFrameSufficient,request-sufficiency/cache-validity model,compare complete Render Options objects; relation need not be symmetric,host-defined semantic reuse relation,S2,supported-specialized,low,directed sufficiency matrix over ROI/downsample/world type/time/decode quality
Construct and extend host-compatible GUID/hash state,After Effects,17.5.1-era frozen API,AEGP_HashSuite1,MixHashGuid; BEE/TDB RenderGuid surfaces,GUID-shaped domains are not proven mutually interchangeable,safe primitive when used by API that documents the resulting GUID domain,S2,supported,low,compare HashSuite output relation with receipt/compute-cache/GUID-mix domains without assuming bit identity
Coordinate duplicate expensive computation across render threads,After Effects,AE 2022+,AEGP_ComputeCacheSuite1 / AEGP_ComputeIfNeededAndCheckout,in-flight cache-key state and checkout semantics,caller chooses wait vs nonblocking pending result; key/data ownership rules apply,host-managed single-flight cache per key,S3,supported-specialized,medium,"contention benchmark varying compute cost, fan-out and wait policy"
Ask whether an item changed over a time interval since an edit generation,After Effects,Render Suite 2+ lineage,AEGP_GetProjectTimestamp + AEGP_HasItemChangedSinceTimestamp,time-local validity model; modern BEE/TDB temporal identity surfaces,historical contract; verify availability/version before relying on current host,interval-local invalidation query,S2,supported-historical-lineage,medium,compare interval query with modern RenderGuid/trace under localized edits
Negotiate exact suite selector support at runtime,After Effects/PICA hosts,all mapped suite eras,"AcquireSuite(name, selector) / ReleaseSuite",158-generation static matrix; runtime probe package,unknown returned table must not be dereferenced without ABI layout,not a render dependency surface,S3,supported-contract,low,EXP-PLUGIN-001 48 suite families x selectors 1..32
Render from command line in a fresh or reused AE host,After Effects,aerender lineage-current,aerender; optional -reuse,aerender help + process/module observations,headless host may suppress UI/AEGP extension planes; fresh and reused hosts differ in warm state,render semantics depend on target host/project; not equivalent to interactive UI state,S2,supported-headless,medium,fresh-vs-reuse module/plugin/cache inventory with identical fixture
Inspect runtime scripting members without hard-coding the documentation list,After Effects scripting,current ExtendScript reflection surface,ExtendScript object.reflect,EXP-SCRIPT-001 runtime reflection capture,Reflection completeness is not itself a guarantee of callable/support semantics,scripting observation only; project mutations still follow host invalidation,S2,supported-observation,low,compare runtime reflection against current scripting Guide per object
Preserve an object reference across callbacks without caching raw host handles,After Effects,current contracts,documented persistent IDs where available + reacquire short-lived AEGP handles,TDB stream-ID prototype vocabulary; short-lived AEGP reference contract,identity namespace differs by object type and lifetime,object identity is not render identity,S2,supported-pattern,medium,duplicate/copy-paste/undo/save-reload identity transition matrix
