family,generation,pica_version,struct_header,version_header,function_count,functions
PFAppSuite,4,6,AE_EffectSuitesOld.h,AE_EffectSuitesOld.h,11,PF_AppGetBgColor|PF_AppGetColor|PF_GetPersonalInfo|PF_GetFontStyleSheet|PF_SetCursor|PF_IsRenderEngine|PF_AppColorPickerDialog|PF_GetMouse|PF_InvalidateRect|PF_ConvertLocalToGlobal|PF_GetColorAtGlobalPoint
PFAppSuite,5,7,AE_EffectSuitesOld.h,AE_EffectSuitesOld.h,12,PF_AppGetBgColor|PF_AppGetColor|PF_AppGetLanguage|PF_GetPersonalInfo|PF_GetFontStyleSheet|PF_SetCursor|PF_IsRenderEngine|PF_AppColorPickerDialog|PF_GetMouse|PF_InvalidateRect|PF_ConvertLocalToGlobal|PF_GetColorAtGlobalPoint
PFAppSuite,6,1,AE_EffectSuites.h,AE_EffectSuites.h,15,PF_AppGetBgColor|PF_AppGetColor|PF_AppGetLanguage|PF_GetPersonalInfo|PF_GetFontStyleSheet|PF_SetCursor|PF_IsRenderEngine|PF_AppColorPickerDialog|PF_GetMouse|PF_InvalidateRect|PF_ConvertLocalToGlobal|PF_GetColorAtGlobalPoint|PF_CreateNewAppProgressDialog|PF_AppProgressDialogUpdate|PF_DisposeAppProgressDialog
PF_ANSICallbacksSuite,1,,AE_EffectCBSuites.h,,19,atan|atan2|ceil|cos|exp|fabs|floor|fmod|hypot|log|log10|pow|sin|sqrt|tan|sprintf|strcpy|asin|acos
PF_AngleParamSuite,1,1,AE_EffectSuites.h,AE_EffectSuites.h,1,PF_GetFloatingPointValueFromAngleDef
PF_BatchSamplingSuite,1,1,AE_EffectCBSuites.h,AE_EffectCBSuites.h,4,begin_sampling|end_sampling|get_batch_func|get_batch_func16
PF_ColorCallbacks16Suite,1,1,AE_EffectCBSuites.h,AE_EffectCBSuites.h,8,RGBtoHLS|HLStoRGB|RGBtoYIQ|YIQtoRGB|Luminance|Hue|Lightness|Saturation
PF_ColorCallbacksFloatSuite,1,1,AE_EffectCBSuites.h,AE_EffectCBSuites.h,8,RGBtoHLS|HLStoRGB|RGBtoYIQ|YIQtoRGB|Luminance|Hue|Lightness|Saturation
PF_ColorCallbacksSuite,1,1,AE_EffectCBSuites.h,AE_EffectCBSuites.h,8,RGBtoHLS|HLStoRGB|RGBtoYIQ|YIQtoRGB|Luminance|Hue|Lightness|Saturation
PF_ColorParamSuite,1,1,AE_EffectSuites.h,AE_EffectSuites.h,1,PF_GetFloatingPointColorFromColorDef
PF_EffectCustomUIOverlayThemeSuite,1,1,AE_EffectSuites.h,AE_EffectSuites.h,8,PF_GetPreferredForegroundColor|PF_GetPreferredShadowColor|PF_GetPreferredStrokeWidth|PF_GetPreferredVertexSize|PF_GetPreferredShadowOffset|PF_StrokePath|PF_FillPath|PF_FillVertex
PF_EffectCustomUISuite,1,1,AE_EffectSuitesOld.h,AE_EffectSuitesOld.h,1,PF_GetDrawingReference
PF_EffectCustomUISuite,2,2,AE_EffectSuites.h,AE_EffectSuites.h,2,PF_GetDrawingReference|PF_GetContextAsyncManager
PF_EffectUISuite,1,1,AE_EffectSuites.h,AE_EffectSuites.h,1,PF_SetOptionsButtonName
PF_FillMatteSuite,2,2,AE_EffectCBSuites.h,AE_EffectCBSuites.h,7,fill|fill16|fill_float|premultiply|premultiply_color|premultiply_color16|premultiply_color_float
PF_HandleSuite,1,2,AE_EffectCBSuites.h,AE_EffectCBSuites.h,6,host_new_handle|host_lock_handle|host_unlock_handle|host_dispose_handle|host_get_handle_size|host_resize_handle
PF_Iterate8Suite,1,1,AE_EffectCBSuites.h,AE_EffectCBSuites.h,9,iterate|pix_fn|iterate_origin|pix_fn|iterate_lut|iterate_origin_non_clip_src|pix_fn|iterate_generic|fn_func
PF_Iterate8Suite,2,2,AE_EffectCBSuites.h,AE_EffectCBSuites.h,9,iterate|pix_fn|iterate_origin|pix_fn|iterate_lut|iterate_origin_non_clip_src|pix_fn|iterate_generic|fn_func
PF_ParamUtilsSuite,1,2,AE_EffectSuitesOld.h,AE_EffectSuitesOld.h,10,PF_UpdateParamUI|PF_GetCurrentStateObsolete|PF_HasParamChangedObsolete|PF_HaveInputsChangedOverTimeSpanObsolete|PF_IsIdenticalCheckout|PF_FindKeyframeTime|PF_GetKeyframeCount|PF_CheckoutKeyframe|PF_CheckinKeyframe|PF_KeyIndexToTime
PF_ParamUtilsSuite,3,3,AE_EffectSuites.h,AE_EffectSuites.h,9,PF_UpdateParamUI|PF_GetCurrentState|PF_AreStatesIdentical|PF_IsIdenticalCheckout|PF_FindKeyframeTime|PF_GetKeyframeCount|PF_CheckoutKeyframe|PF_CheckinKeyframe|PF_KeyIndexToTime
PF_PathDataSuite,1,1,AE_EffectSuites.h,AE_EffectSuites.h,11,PF_PathIsOpen|PF_PathNumSegments|PF_PathVertexInfo|PF_PathPrepareSegLength|PF_PathGetSegLength|PF_PathEvalSegLength|PF_PathEvalSegLengthDeriv1|PF_PathCleanupSegLength|PF_PathIsInverted|PF_PathGetMaskMode|PF_PathGetName
PF_PathQuerySuite,1,1,AE_EffectSuites.h,AE_EffectSuites.h,4,PF_NumPaths|PF_PathInfo|PF_CheckoutPath|PF_CheckinPath
PF_PixelDataSuite,1,1,AE_EffectCBSuites.h,AE_EffectCBSuites.h,3,get_pixel_data8|get_pixel_data16|get_pixel_data_float
PF_PixelDataSuite,2,2,AE_EffectCBSuites.h,AE_EffectCBSuites.h,4,get_pixel_data8|get_pixel_data16|get_pixel_data_float|get_pixel_data_float_gpu
PF_PixelFormatSuite,2,2,AE_EffectCBSuites.h,AE_EffectCBSuites.h,2,PF_AddSupportedPixelFormat|PF_ClearSupportedPixelFormats
PF_PointParamSuite,1,1,AE_EffectSuites.h,AE_EffectSuites.h,1,PF_GetFloatingPointValueFromPointDef
PF_Sampling16Suite,1,1,AE_EffectCBSuites.h,AE_EffectCBSuites.h,3,nn_sample16|subpixel_sample16|area_sample16
PF_Sampling8Suite,1,1,AE_EffectCBSuites.h,AE_EffectCBSuites.h,3,nn_sample|subpixel_sample|area_sample
PF_SamplingFloatSuite,1,1,AE_EffectCBSuites.h,AE_EffectCBSuites.h,3,nn_sample_float|subpixel_sample_float|area_sample_float
PF_UtilitySuite,4,4,PrSDKAESupport.h,PrSDKAESupport.h,13,GetFilterInstanceID|GetMediaTimecode|GetClipSpeed|GetClipDuration|GetClipStart|GetUnscaledClipDuration|GetUnscaledClipStart|GetTrackItemStart|GetMediaFieldType|GetMediaFrameRate|GetContainingTimelineID|GetClipName|EffectWantsCheckedOutFramesToMatchRenderPixelFormat
PF_WorldSuite,1,1,AE_EffectCBSuites.h,AE_EffectCBSuites.h,2,new_world|dispose_world
PF_WorldSuite,2,2,AE_EffectCBSuites.h,AE_EffectCBSuites.h,3,PF_NewWorld|PF_DisposeWorld|PF_GetPixelFormat
PF_WorldTransformSuite,1,1,AE_EffectCBSuites.h,AE_EffectCBSuites.h,7,composite_rect|blend|convolve|copy|copy_hq|transfer_rect|transform_world
PF_iterate16Suite,1,1,AE_EffectCBSuites.h,AE_EffectCBSuites.h,6,iterate|pix_fn|iterate_origin|pix_fn|iterate_origin_non_clip_src|pix_fn
PF_iterate16Suite,2,2,AE_EffectCBSuites.h,AE_EffectCBSuites.h,6,iterate|pix_fn|iterate_origin|pix_fn|iterate_origin_non_clip_src|pix_fn
PF_iterateFloatSuite,1,1,AE_EffectCBSuites.h,AE_EffectCBSuites.h,3,iterate|iterate_origin|iterate_origin_non_clip_src
PF_iterateFloatSuite,2,2,AE_EffectCBSuites.h,AE_EffectCBSuites.h,3,iterate|iterate_origin|iterate_origin_non_clip_src
