path,windows,mac,windows_sha256,mac_sha256,relation
A.h,True,True,240a8cf35fa66d632efd0ca608b217be645cfe964a76bd01c9fea0d8fdc704aa,96e4363bab5a28a230e8c68201ff4a7031e816f8c07f0a1b705cbb8b69db7a96,different
AEConfig.h,True,True,9684ea014077a85f59913b9e822c48a790f0c64207057a88d5f74885704899d0,9dc7ddc7f209a2178869fc7e033046d2fd91b784e22e869862c95ebe3a6ea781,different
AEFX_SuiteHandlerTemplate.h,True,True,44db24a2e1c1fc8bbf1a94a23a3581a1ff4aa7a1d59193d67ed46fbb06ad50fd,af3e1849eb120b5974435b5a6d821733f58df3b54d1ef06e56190da4174ac846,different
AE_AdvEffectSuites.h,True,True,be309d02e93ba8cb5f896130e56ab7b1fd4d9535f529aaaebfcfd79fa1fa6502,0a7e4c0c5da5d0d1e395d551a94eb7340066111a84cca92b37aa31a719eaec63,different
AE_CacheOnLoadSuite.h,True,True,3abe6d0c5f68d614cc4514a88fdbfb273bb29bd05b0ecc34c2a2a55b3fcc9968,e72dd815e7d36e9e3a8ccc0792ced44649ef60b59bab8132fc4045ee73ec315b,different
AE_ChannelSuites.h,True,True,77f996e07eb89faafd84d156aaee8f4c7ba2ae77d313915546c83efe6ad31483,45ce3f0a1143ca05e85d455843eba017e9de5330d13348ea2997bc95eb905088,different
AE_ComputeCacheSuite.h,True,True,02cb217f3811f1184fd5adecbe46a9551951623fd1e0c0f8bdcd278f393dd9f0,40e2bc8df1a4e994c7c36724d746e44e1894f254f6fac46e3b500ff9655893cc,different
AE_CreatorInfo.h,True,True,3b49735fc7f28ef2e31bdf31606e4e54df75c4cd60e2f41041fbfd3523f155b0,3b49735fc7f28ef2e31bdf31606e4e54df75c4cd60e2f41041fbfd3523f155b0,identical
AE_Effect.h,True,True,215d07b840ef2c731d2394f00edad40d05cc23ec33d0a001b19a1468cf662faf,5432df9bb447cefce2f96c1477d6beccd4686b7236d460c803beab76dae1d537,different
AE_EffectCB.h,True,True,b11af77c2684fbc74ad892a8e9f3cffef1c6f0d06651234bbda10eee605ba131,33524c0b8cbbf7b0a3b442dce45149d231e1b9c69ca7ab1d219ce4f79d324180,different
AE_EffectCBSuites.h,True,True,4022970b153d16ebddd45b8c789b041b936d4f3cd01358dc7d7ece4d460d8eda,9d6ea76a6cf44d6103b65aa01229fc72979404b94694661437089fff0bf3c271,different
AE_EffectGPUSuites.h,True,True,5cd8fb3d0175aad3981834778532d343bf45c1d6c91b1aea0734853ffb1592cf,55fb5dddbb0c33dfc218f9cb9ff77589803f6a6c3080fe889d87bccef242a321,different
AE_EffectPixelFormat.h,True,True,7bc041de3de4c8eb6d036231145c2e0d3f970948cdbb19aa62f259cf96e9b8b7,af63f900d3c602e94e48aa897a64b983f523734f057f662019f0939c9d2ac63f,different
AE_EffectSuites.h,True,True,8859406c41828afaf526a9d65be09455bca33a4cab1f1084f9abaa672d0699c6,718fc38aa700dc0af0372f6a54cbfcfe3cfec770bfa7463f2e24dd73b204cdba,different
AE_EffectSuitesHelper.h,True,True,eb6e69c4a26a7e2d8e29fdade2e43d2ac1899bc528f53850a04c5f951cf55fe3,95dcfaa64891fb3fc3e25e293d70586f21df4c0773e04e6afa60167ed1555765,different
AE_EffectSuitesOld.h,True,True,37df9bde029129e59c57ea40bbf2905c9d062f67fc6e688bbc949a7dd150b639,e1de2a7c7a88bf10a711b0c07b5c90115dbae59361838c1f93b704e7e464fd4e,different
AE_EffectUI.h,True,True,c4849498af98abc51d0ff4e9e9c20726ec55d3d1df3c1c3d5a816b704c5400a2,ffec9e25ac13a278f3ef0889bb33968fb338f41942ad16d13b3b53f03a235075,different
AE_EffectVers.h,True,True,dfc6581c9fb889af1d9acbbfb80f684dcbe0fd3e1c3efd903144269814f5006a,6e02783ee9a90fa0906c0bd2242c3752c71e563a8eec5123ae852247bf56d2b4,different
AE_GeneralPlug.h,True,True,df4e0cce90f910e06e04018e16bcf8a796099283fee5ba9d0261709e0888691a,30d12ec3eb5af1a902c7414053b1be1da0204b226e0b1cdc71272be1e137000c,different
AE_GeneralPlugOld.h,True,True,3b1e2ae650111a01cc80845cd1e602a2f9479a4a85ac3666e089d0d6837bd058,1668a133fa264984e747812538be997677be563ed67bda5f345cb0fb961213e4,different
AE_GeneralPlugPanels.h,True,True,741d26f6b5619745d41ba8b0bf7d97ba40d20cc7e616d460380ef937c0a153a2,3b1d4f1c019fee8d79646ffdd05c884673b6284caa89738fb91069518fc58303,different
AE_GeneralPlugPost.h,True,True,281ae1a2c03ce1c17498df4e05337127c0c678bcee52e2dbe3768f00fe6d92d0,933c69dd39d3418fcf1a1b084f31628356788ff00cf3f3d56da97ef0084cd28f,different
AE_GeneralPlugPre.h,True,True,0d276b8e8c31b0926e39162ebca98389d076d973e278d40a888b11469ebc000f,b5549dcb3e0ef0da29bb510bdd0043e541e780b8f39062a2223ebbfb3116953f,different
AE_HashSuite.h,True,True,5cc0d79e6006cfa32b52a8668cdaf4e97b48658ed0d061c9b166fb70db2c31fb,6eb036d72124d4fd40178e2d2319748d5c95b18ef39a4e9091fddeae40426d7e,different
AE_Hook.h,True,True,83da209353ea70f78e0496fa679388aea7e30bc17093906d17fb483f56709661,8e8af18a1eac85a3d53aac4e94e27549da4c46f286213405fd3d104977fbfcfc,different
AE_IO.h,True,True,f761a44d0107567e7869e67948882c8d9ee9ca0116abca470fbb9cb757420355,be99e982c35069968dfa1b51030f04d47997a3cd7d524e5a658e8abf321c1822,different
AE_IO_ColorMetadata.h,True,True,90e8141506803fb8ca75ae72b3cdb07a4a679135a773727505607feab246f245,f36a5dd48658432944b8057ddf2238d87a2423ca23932624b781659e77afb55d,different
AE_IO_FileExt.h,True,True,d6ae7c386b608091d884274b65f4b69d535bf342ce3fa6f556eb66b32b462974,7708e1124cbe9104552d732387427c1314ad5eac8c4ecd32e18494475bf11d23,different
AE_Macros.h,True,True,432de571982d7cc90e2dbe67daba9dd74ed404df4a940fb4fcce4800a9dff864,d51b007444cec1fd404fd076f88e3e1290349159b8d0152e3dba3a2d1f773c46,different
AE_PluginData.h,True,True,9653f422db202ac6fb38b7c54155ecd33d4fc1fb3bf4e973ed06a13488be2924,25be4a7620bc1c8fbcde7828304e9a207e9cabd0aaf3060f12c4e15c71ff52ca,different
FIEL_Public.h,True,True,5370eb8744d3b46ad2a35666540aa15424ddf220947f16c827972956bc7a91e8,9d467ce24bbfbe65cb5bef8aa4ff02684796d60ba92cce20019e1293154333f1,different
Mach-O_prefix.h,True,True,ee3fb8a2cab1831f870d1bd676389cb17d3f63af364809993d105318bddee4af,ee3fb8a2cab1831f870d1bd676389cb17d3f63af364809993d105318bddee4af,identical
PF_Masks.h,True,True,48ff6197908c18aae82197fd7c87d2a320d545a05ec6deaa300acfbd611a50ff,762f05c08d062b18bf3ab45cd0064335268e636fe905ba9374960300ae4e4234,different
PR_Public.h,True,True,b416fd5ce6fc768b79194ead2d3af65f34280d2e037db770cb3a5b46ebde72f9,27f794d12ae0fed69c8a6fe79ed5d257c95a14534a8d6379aa8d2486321721e7,different
PT_Public.h,True,True,92ca6181f407b81c6a4576a6c2b6942b63d25a0ee78e9070f70c90ce615ac063,06a93beaff7d384bd9016c9ec008e0eefe3db423bc6b9369ea7e44aa38c392c8,different
PrSDKAESupport.h,True,True,cca950fbd8a36911e5ef6695d281dee7d79529acc2d1c1d5def622a6a6fae48e,e3f0846074fedbbd560fa6b8f45e3733195c96f0c3e38f1ae31ffa815f9d79c3,different
PrSDKPixelFormat.h,True,True,4572dcdf16293129f1530898183bcf49fe264096452f490c9f33740cba34515d,4e57a50103e5cc153914aa2851b6284ddf847b0bc500f1c1b7220b87579bad3a,different
SP/PSIntTypes.h,True,True,ecf9901d84345d671f0396f68b4c4aa9a38479cd8c253d5609d72073d301b807,5cf96c2dcbfb1c095be4250d72c6ce5357f441710c1dc897b3731c72cf4c95d8,different
SP/SPAccess.h,True,True,634e99a5762fe9abd1f4bfe8af60c62e33b627033b87164e87482875fba5a154,7f63ce94fb04a5659979899dffee9ed67f1eb9d938a63fd5de11418329dfa574,different
SP/SPAdapts.h,True,True,af8a76cbd10d2808ca7ba4c76ec18ec511f7b90c0a282fedda2da7c3c33b6bd3,9df12abb968a64a2e16510fecd5ebf4ffa7585879afc7b39adcde16e9ffcad77,different
SP/SPBasic.h,True,True,62eb9385f3c81ec42e6ca045f495e0be5e8308bb41a6dbb2547f8de0e140db86,a1258cfd57eedbe5ecbfcebf2bc7df8a3826f495f8e3cc549dce55e60e73395b,different
SP/SPBckDbg.h,True,True,6a48357bd9f023b200a613272d5cc2bdd8021fc72e1b84a46e6ce30391a6e44f,91d6db1094d012e41c71de03322d0112b6f3ba243a25972aa271e4835d5c0e79,different
SP/SPBlocks.h,True,True,878a2e7e929860ad3a78596ca8651fd13c2a706954c0108a9fed356d2692977a,a02ac3071663e08383fdd094a64bb0e8db3b2ffccc6a48b373bb7047a4ea93d9,different
SP/SPCOM.h,True,True,3d9dd885fe21059d95407dfb91a400f91d6a8b54dbdef92bd1f1b7241e4e1865,3476c4acc71d40d31dfdc00ed151210f51e48dedb51d46b6f2d2afd5bd1079ba,different
SP/SPCaches.h,True,True,e9d6c99b24ae0a317f0e1cdf040a0b987d0a6dc4aaae857ddf1afc2250a6fddf,99632ce0fa53f3288b7e088c4fea91d8cced2074c19511face04b40a106826e7,different
SP/SPConfig.h,True,True,e8e43884d4e5f6157db93dc9354bd14df824743fc71954884fb4624c1b31f197,ceb3caacddef02f167858a47319f06295c88fa3bebbd0a8869281295c4ef3a7c,different
SP/SPErrorCodes.h,True,True,0df421b9400bc31764f758e920bf568708ff28acd0c6ad96d0b75f28f797901a,a88648c1fb2f30f23c7423ab9509541746b370b35f7c4ba17ba064d5d6b45ef5,different
SP/SPErrors.h,True,True,81ba4e934504d558ea3d957d27b51f09f94ea77d1029e3e0b74b1dbda01990f8,c0064aa1d4aec34d24ebd1ebf976739d1a301984707d4818c64830a6bff921e8,different
SP/SPFiles.h,True,True,d5c47e524972aae22a89295b0750186c5165bcc85f3deb9144c4d371b5ca1e38,1b3e17ec595d728ccbd239a626ec1930c17f4186e1c4554ace9e76de8eaa5f83,different
SP/SPHost.h,True,True,bf4ad1a936508a11ecbf3b7fa198aa851138538a3ba93f95d2e51aaca598a995,94f407df88417b5089e22c86f965e0942bb187d61830ce01c5813fda47b3ee3f,different
SP/SPInterf.h,True,True,3a3d114582f77df327bb2d33ca717ca687f9ab5c06c1007b281231cb5ecb4459,2d75b1f4ff6bd22ba0a145d392e770b37fa2ede7ff6213d60f003c9031ddb9c6,different
SP/SPMData.h,True,True,102cd6236d2a6996629b8607f074c2de49a55ab3e9dcaa8dc4313d2d8378c8a0,ea91dc7eeb7da1763093458b8dcd647a709c053e0d65d3e88f37f1b7d696f501,different
SP/SPObject.h,True,True,cb49e5012f0f7288a9ad00b3538ba08c4d5619c6268dd28329b6a8c8b110e587,fa20e0803225993592d8a454b0bd889b7d10ad8774b80178ff01e3c740495c81,different
SP/SPPiPL.h,True,True,26aa21ae0889d316458b0fa905e2132152b6937c9d2eb70ee5659c973801f49e,ffcbcb74082b1be2c3dc6cd73564fa24f2c86788bcbc6c5011de0eb2d0048250,different
SP/SPPlugs.h,True,True,b744ab1671e6593f2261146069335f8519c040af92a898ba82f44b5cee74f036,8de03821b78b4eb47d792a39cd2b406bba5773f38423f24a3a6cf6383f8f6664,different
SP/SPProps.h,True,True,dbbf936f749c35c7e3a1fb45f3d8c69ab16ceaa7819050c4ad303540a22ce67e,1405501598502c4bc11a3dfd76798fde7c4e7b0ae70cdb944f190d38d9b30497,different
SP/SPRuntme.h,True,True,a4696282b004df13f680d5fed824f3ba5c3648dc3d3f9dde6587e6225d687e80,b96556e38dd4bc510a9378da842acc16aec44f707a0c705414978e781af5e6b2,different
SP/SPSTSPrp.h,True,True,0feef3d7fb9505170b2e1ac6c2304dc9c0351922bb5f71470b02a6288321fa1a,6cde8d0a6ad403e85ec05c2463429ce8ecba23b949336c48da58012c0ea558a6,different
SP/SPStrngs.h,True,True,7b6aa48361ac3ad96d17c9772a9bbf226d19fb568d9f4d6039f252667dfcc7d5,aa2a980eea3a54cf8b32b12afe00f662d2694cb6775bc7181df59ce5b5e6debf,different
SP/SPSuites.h,True,True,8d5119233dda9045b062ae0c82587f99d7e56871c508c1464228624554a15c3f,5defdc896c4eee8adee2086faec46660b160804861a74cc077dd9d8db58c5cd3,different
SP/SPTypes.h,True,True,4d82a299d45a128ede887077895f34f3622808156f0367c42f7a909b7d632c94,92ff4f7277fb8c52232cd7bc6b4e21774e8deb190afe1fefdf588e522de58157,different
SimpleSuiteHelper.h,True,True,73d8baae1f33d53b1aa710228ba3d13fb3020af592b339653df2e90d4ebd4b95,325ae797f1ec7db6a142e1e078b4dd868fb6d97f891857b548cd45e19ff38203,different
SuiteHelper.h,True,True,7e55916297954483a6c11874a85afd40d47681fd3b04d52fb1864800cf944349,09a48dd94145deb9521433a87a47c320df617a8684a51b7b6283c23f6a3a33fe,different
adobesdk/DrawbotSuite.h,True,True,f7635e04e98cf3884700a15782c9776e119814001be036d398acc52b5e8455f0,c5c4f294b6c7f4628654172bca75c7b256ddfe302ce5f0dbaf08a0cd2156f2ad,different
adobesdk/config/AdobesdkTypes.h,True,True,d0e59621e1d8137a4164cf7b1a715cdac3a0dd240f76d61cde804cd02de27055,c42a6da981dd26a65775df313d7d0382367bba143465a21c5039c5f7cb9439d6,different
adobesdk/config/PostConfig.h,True,True,163ef7b67874f4770b7feed0729e39af514e5fc729b1458e5395ba7e7bc8f4de,d8498d3669469dca2439f7cac36093226ea7f191eda9d9928a8f77a7b40bce2e,different
adobesdk/config/PreConfig.h,True,True,eda188deb88a529bc047dd2979264a6a79041858a9f2c014b9d42d8f827d8dbd,078079dc305335cbe7866030e61ef1a937172019ad95103aa5b93bca27a3c35b,different
adobesdk/drawbotsuite/DrawbotSuiteTypes.h,True,True,af55890d2d1d3dcf8ae0e4b3ebcccfebd3c16d39fe188c0f9b6b531a3ee30728,67682c6327edb99bc6914e489fc49c42f7dd659a8757604711e534222bb6d19c,different
