path,role,bytes,sha256
experiments/user-run/AEIG-1.0-L5/00_PREPARE_RESULTS.cmd,canonical-operator-package,509,798d6643a3a65aaeb524aa21431a16764c1ab0884d5b64422c1dd7546226c6ca
experiments/user-run/AEIG-1.0-L5/01_RUN_IN_AE.jsx,canonical-operator-package,5345,fb2dd82b3f9de8e7caef8a557c443110e186267bebd0732bc5cc6735d3936f0b
experiments/user-run/AEIG-1.0-L5/02_VERIFY_RESULTS.cmd,canonical-operator-package,532,0f286e2880deb1dfa9cb81f4ba34cf375cdc563eae05a3c9d3282f603ae0456f
experiments/user-run/AEIG-1.0-L5/INSTALL_26_3.cmd,canonical-operator-package,1523,393931e5a0ca568a7cfa0d833c53e6f623538c9cdd47ed45a3a8466f0037a245
experiments/user-run/AEIG-1.0-L5/plugin/AEGP/AEIGReceiptArtie.aex,canonical-operator-package,56320,9768bc9b463f6377e1ae246303d6aedd8bf11725e8d96034df14e85f1ad9be98
experiments/user-run/AEIG-1.0-L5/README.md,canonical-operator-package,5408,d9d6b3f290c9824a38864f3492087d1eae1e80ebc3169da3eeb62aa21c502cf6
experiments/user-run/AEIG-1.0-L5/REMOVE_26_3.cmd,canonical-operator-package,694,a69927bf78e836fb25691bc284e9a11ffcd490ff7682c30c2d53375579b95681
probes/process-tools/analyze_plugin_host_experiment.py,l5-analysis-or-promotion-tool,5123,4c581718f48c693b0f611c78d90be3b8e666de5e78863ed3740e3d39bb2e7c4c
probes/process-tools/analyze_receipt_experiment.py,l5-analysis-or-promotion-tool,5531,f1e782a7b1a411788bebf6bc0cc3530413a4d9cdca20620bdbe5254a00a4d664
probes/process-tools/analyze_rg_trace_experiment.py,l5-analysis-or-promotion-tool,5341,52e59ed530cb9b19db3c2ddba9d07f8cd670e7c33c7e58dde47cee487cd295d9
probes/process-tools/analyze_scripting_reflection.py,l5-analysis-or-promotion-tool,3097,2e035fc831075d4fa763a7ca843e5b07a3846f93a1921a7b29edfa8f9354447f
probes/process-tools/verify_aeig_l5_user_run.py,l5-analysis-or-promotion-tool,7320,a498b3e6bce9ec70eab09d18e23510b96f69e06cad4ce37c29dd865938365fd0
probes/process-tools/finalize_aeig_l5_user_run.py,l5-analysis-or-promotion-tool,14165,dac3cc5c1857b85f6ee081bb0fbdb29bdb9d4a258613865daed7e8f48b938505
probes/process-tools/diagnose_aeig_l5_user_run.py,l5-analysis-or-promotion-tool,5047,dfb56037dc68f7617520f36f0dfc847ad6e1bf1a7dd12165b427148f125ac84f
probes/process-tools/status_aeig_l5_operator_run.py,l5-analysis-or-promotion-tool,4795,f38f20038c3071f30cecb0d36e35b76e6eb6d2601ac0841674749766007935c5
probes/process-tools/complete_aeig_1_0_after_operator_run.py,l5-analysis-or-promotion-tool,2231,5ba71ca573377efdc7d5bca138eba63a49debd97c53ea072c573567fb64c7cbc
probes/process-tools/audit_aeig_l5_package.py,l5-analysis-or-promotion-tool,7793,f7f9ca131a3e9ab2251c37bb64d02f24f902e15d8754c8013047a5391f7b1643
probes/process-tools/audit_pre_operator_readiness.py,l5-analysis-or-promotion-tool,7361,c10c98a7873d01e0d04dd8fa67dd33383113195b309f8a7fe707e8e2677bc951
probes/process-tools/selftest_aeig_release_pipeline.py,l5-analysis-or-promotion-tool,4038,cc0ede59ef754df43bfb8c577806e1ca071ea7230eae87919b569841142e249f
probes/process-tools/selftest_aeig_analyzers.py,l5-analysis-or-promotion-tool,7703,d8c26ffc9548bbeb99baf96aa08a791877824177418ba6de42fe227a0ab54c3c
probes/process-tools/aeig_promotion_gate.py,l5-analysis-or-promotion-tool,1943,97c2e271eb8c39e2ae8fb2c72e7d5a1025b93e49734cc9f2a73571af2d503a20
probes/process-tools/selftest_aeig_promotion_success.py,l5-analysis-or-promotion-tool,1850,f4b5bf050460a9c68d9b4146d15f4e7596f835716249fce5387edb0ae4d4fe48
probes/process-tools/selftest_aeig_promotion_transaction.py,l5-analysis-or-promotion-tool,5760,4f3063982de5158edc03f2839ec675f6dea6b3bb5706844a1082256efd788163
probes/process-tools/aeig_prediction_semantics.py,l5-analysis-or-promotion-tool,1190,191109caf6425a017276ad134c2bb96fef95e101a641642a7bb9ec2a577ce732
probes/process-tools/selftest_aeig_prediction_semantics.py,l5-analysis-or-promotion-tool,1665,48670be7e29561b2839dd08b4910106b1eed0c98da3e9ba27e823f5c1dba7e68
probes/process-tools/selftest_aeig_prediction_lock_integrity.py,l5-analysis-or-promotion-tool,3831,4041342080b72094e75b866e65ab44ab525486aad7a2b857ae23b73276bebbc2
probes/process-tools/aeig_file_transaction.py,l5-analysis-or-promotion-tool,3742,85f115c9839f7e8350cfe9617af16b21070177024794b1cf2005aa914aebb4b5
probes/process-tools/selftest_aeig_file_transaction.py,l5-analysis-or-promotion-tool,2073,bbe22b483769112fe25dc713e0c9be212d7157f9cd828167e81aadd22b6144b9
probes/process-tools/selftest_aeig_finalizer_success.py,l5-analysis-or-promotion-tool,11978,66dc64af06c35323069804853cbbe0fd563af6581d9f59f60db86bba84a2e17d
probes/process-tools/aeig_operator_session.py,l5-analysis-or-promotion-tool,2379,b9678ddf01e9549bed979e937cb0db222ff81d123c6d74aeac6ce1f524798694
probes/process-tools/selftest_aeig_operator_session.py,l5-analysis-or-promotion-tool,1913,f4f513d702e3b4d6f85ed8648c99a794a73f0be1b8c35d9a2b2cd40df667b18d
probes/process-tools/report_prediction_status.py,l5-analysis-or-promotion-tool,1847,fef2947b3edc5e3d27421f6e089b56ab086dde0b760b1e92730f8ef454f50a55
probes/process-tools/audit_release_readiness.py,l5-analysis-or-promotion-tool,10237,94756e8a7b083e6da61734d460780fee94d04a24a419daf4c636a405a8723929
probes/process-tools/audit_repository_integrity.py,l5-analysis-or-promotion-tool,6202,869b1710c430f1d991d7a902e850361f628506852c50b55a2c29b7981d312b29
probes/process-tools/report_roadmap_progress.py,l5-analysis-or-promotion-tool,2560,d5eb80cbf668ebcbec99cc6ca219d71964ecf543f1cfc7af8fae9f9df86a892f
probes/process-tools/promote_aeig_1_0.py,l5-analysis-or-promotion-tool,8058,15a14c69ed73586d27c3f18b63b8c605b5a334d3faf239fcf3798d7aba9e7053
probes/process-tools/verify_aeig_static_rc.py,l5-analysis-or-promotion-tool,2253,c951e0e9fb2eb0766a7439d0661f0930db27a3f0d1963b23384bc88df7e67ee6
probes/process-tools/freeze_aeig_static_rc.py,l5-analysis-or-promotion-tool,4240,7af6abf2e47be0d2298f174ddc342cc9ecee405f75a90fe9a9fc7f5519c03dcf
probes/process-tools/prepare_aeig_l5_user_run.py,l5-analysis-or-promotion-tool,4531,5a9ed0dd459aff1e1f14b53c6fc8b75ff9abb4bc4c71a86177e357cc0bd72033
probes/process-tools/build_master_surface_registry.py,l5-analysis-or-promotion-tool,7823,b1c86a399b0c4e37acc37c30ef81ab6aeca30d8859d7e96df747b6b9539792fb
probes/process-tools/preflight_aeig_l5_operator_run.py,l5-analysis-or-promotion-tool,3762,de0d7d2d4a14b86c75c7a1d94e3b7afbab75be891c5aa5b324b963d919636e62
probes/process-tools/compute_static_rc_fingerprint.py,l5-analysis-or-promotion-tool,696,9f435fe3562e6c9b3cb8c4c413848cc6f4f280887f0f5505cd77c15a9515acb7
probes/process-tools/report_static_rc_fingerprint.py,l5-analysis-or-promotion-tool,1398,acc88475ebb458790dab75035be1ad706d13a89904479441528d443fb6bbf575
probes/process-tools/report_static_release_candidate.py,l5-analysis-or-promotion-tool,3944,7f5f4d3e2e8e9fe0a07431db11837b9a7c4922947e8bfeaaaa0a4db9c499bc8d
probes/process-tools/report_static_rc_identity.py,l5-analysis-or-promotion-tool,1698,2f6a243e0c97879597224e8055ff41c162070fd1d50b04971ef3a217480da7cb
probes/process-tools/report_static_rc_status.py,l5-analysis-or-promotion-tool,2009,f1b15b7928fe929a491cda19c36f65b774cdcc7f8d841d414c7c136cd8f9d1bd
probes/process-tools/generate_site_config.py,l5-analysis-or-promotion-tool,7221,ae8f55882070c4d7284a289b851b6dfad5bf99346e24dfb82137c7eb593020e6
probes/process-tools/audit_page_depth.py,l5-analysis-or-promotion-tool,6018,36cb1ac46cf12b7095c56b6a6886c00bc35d948ed061fb9b9ae1a25502f7e413
probes/process-tools/build_bug_quirk_registry.py,l5-analysis-or-promotion-tool,5056,6bab6fb183045f7554cbfc200976bb87162249798874ab914c8a14ce8e8411cd
experiments/user-run/AEIG-L5-PREPARE.cmd,canonical-operator-wrapper,1111,1b583a7474956e2dd01f7fa458dfb88be81095353c7ed7d1d6da0086e86149d0
experiments/user-run/AEIG-L5-FINISH.cmd,canonical-operator-wrapper,815,9b3a6f3e4f6c0e40a4740282147b54125f60168aeba06f9fbc95d73b07c768ed
datasets/ae-api-completeness-classification.csv,static-evidence-index,1242385,b79f5b230f82f23f434756265f1237bf2e07a95c3820b90bb4fe4ab1595e0319
datasets/ae-api-guide-relation-classification.csv,static-evidence-index,102049,493ed3a5c0d5ff49f0f2bd40cd9d044ffa7bfa44844ecf603ca54ed03472138e
datasets/ae-master-surface-registry.csv,static-evidence-index,14053368,d83145db1d2311583a6ccdd60cca0753343d286ada58631ed3577dd247fc8fe3
datasets/aeig-corpus-coverage-manifest.csv,static-evidence-index,6822,bd05916a4d275ec0e5ba4ff8e60bb0934816903d5b4e81698f75f1a413ad376f
datasets/ae-plugin-capability-frontier.csv,static-evidence-index,9713,dd308c8b67eecf5da8cbc9ba32186ee4e39d7ce4590e135b4e7f733f8e561035
datasets/ae-suite-negotiation-matrix.csv,static-evidence-index,21700,c9c5587bf73de9a1133cb245a8d0b9037f661ec0666c10290eb664d704dd7f07
research/bug-quirks.csv,documentation-quality-source,15515,06fecf993e3bc70cdd7405e1f0d7bf4662bc1969e0c22b66ca3e1404b9aafdf8
datasets/aeig-bug-quirk-registry.csv,documentation-quality-index,15603,3dbf1accd35b246c62480b158ef802fe6da1c3f599862e5cb77491239affc2cf
datasets/aeig-prediction-lock.csv,prospective-prediction-lock,1711,b85b776b41dd0aa2ddbcb2049e0faa9cee70aaf0aef38e7c62b7015523821a04
ROADMAP.md,release-configuration,7923,269f4099a13fa83311ffcd6ef71b4f0578becd3d1d8e6e355c8367c6e9f4af47
mkdocs.yml,release-configuration,22482,3379bb62fce1b95a9e92c8230ba5d4416e168445d3df53e803bec438cbbd85c5
requirements-docs.txt,release-configuration,150,b3d8d3bd9b03eae8712237d87008d7e872a9731372bc73c93714cc8628dd83dc
.github/workflows/docs.yml,release-configuration,774,650285ced4d2907f307e9744d7a6baa4438f36f0e86e6f593f04176de102883d
docs/stylesheets/extra.css,release-configuration,456,1ec667fce2632785f47b192ae4377338e1ad1e15d560d3bc6f3d697e57814ce7
