prediction_id,mode,domain,source_experiment,prediction,falsified_by,status,evidence,locked_before_run
PRED-001,retrospective-validation,evaluation,EXP-CORE-001,Unchanged project state produces byte-identical output for every sampled frame.,Any A/B frame SHA-256 mismatch.,confirmed,EXP-CORE-001 A/B 120/120 identical,false
PRED-002,retrospective-validation,evaluation,EXP-CORE-001,Changing only the midpoint Blur keyframe changes interpolated dependent frames while preserving the unchanged t=0 endpoint.,C remains identical across the sequence or frame 0 changes.,confirmed,EXP-CORE-001 C differs f001-f119; f000 unchanged,false
PRED-003,retrospective-validation,observability,EXP-OBS-002,TraceEnabled is bounded by both master and category trace thresholds.,Level 4 remains enabled at master=3 or level 6 enables above category=5.,confirmed,EXP-OBS-002 replicated in two fresh processes,false
PRED-004,prospective,state-identity,EXP-CACHE-002,"Within each pass, a generated effect prefix k<n returns VALID_BUT_INCOMPLETE while k>=n returns VALID.",Receipt status fails to follow the prefix relation in the controlled context.,pending,locked before operator run,true
PRED-005,prospective,cache,EXP-CACHE-002,The abstract prefix-sufficiency relation remains unchanged after Blur 10->75 when topology/effect count are unchanged.,A/B receipt matrices disagree in semantic prefix rule.,pending,locked before operator run,true
PRED-006,prospective,render-graph,EXP-RG-001,BEE/RG/TDB/GUID target categories emit inside the real RenderTexture window.,No target-category line occurs between trace begin/end despite successful rendering.,pending,locked before operator run,true
PRED-007,prospective,state-identity,EXP-RG-001,Changing only Blur state changes at least part of the MixHashGuid/TDB/evaluation trace footprint.,A/B target trace footprint is indistinguishable under confirmed mutation.,pending,locked before operator run,true
PRED-008,prospective,render-graph,EXP-RG-001,Changing only Blur state changes at least part of the RG/cache/work-queue trace footprint.,A/B RG/cache/work-queue footprint is indistinguishable under confirmed mutation.,pending,locked before operator run,true
PRED-009,prospective,plugin-host,EXP-PLUGIN-001,Accepted PICA selector integers are scoped to suite name rather than one global monotonic generation namespace.,All 48 families follow one global selector sequence matching table generations.,confirmed,patterns=26 labels=48,true
PRED-010,prospective,plugin-host,EXP-PLUGIN-001,The runtime matrix cannot be safely represented by aliasing every family to one latest SDK 25.6 table.,Every family exhibits one universal latest-table selector pattern with no family-specific behavior.,confirmed,patterns=26,true
