path,status,role,words,chars,headings,depth_score,tier,has_internals,has_evidence,has_version,has_api_context,has_failure_bug,has_experiment,has_unknowns,has_crosslinks,missing_dimensions
docs/ai-analysis/fastmask-lineage.md,active,article,708,5592,11,10,deep,True,True,True,True,True,True,True,True,
docs/ai-analysis/ml-model-runtime.md,active,article,639,5403,10,9,deep,True,True,True,True,True,False,True,True,experiment
docs/ai-analysis/object-matte.md,active,article,503,3997,7,8,developed,True,True,True,True,True,True,True,False,crosslinks
docs/ai-analysis/object-selection-pipeline.md,active,article,659,5711,11,9,deep,True,True,True,True,True,False,True,True,experiment
docs/ai-analysis/overview.md,active,overview,641,5174,8,9,deep,True,True,True,True,True,True,True,False,crosslinks
docs/animation-system/keyframe-api-history.md,active,article,925,7384,14,9,deep,True,False,True,True,True,True,True,True,evidence
docs/animation-system/spatial-interpolation.md,researched-seed,article,613,4685,7,10,deep,True,True,True,True,True,True,True,True,
docs/archaeology/ae9-smartfx.md,active,article,530,4174,6,8,developed,True,True,True,True,True,True,True,False,crosslinks
docs/archaeology/cc2015-rearchitecture.md,active,article,448,3766,7,8,developed,True,True,True,True,True,True,True,False,crosslinks
docs/archaeology/disk-playback-era.md,active,article,470,3576,7,8,developed,True,True,True,True,True,True,True,False,crosslinks
docs/archaeology/mfr-era.md,active,article,504,3959,6,9,developed,True,True,True,True,True,True,True,True,
docs/archaeology/official-api-version-lineage.md,generated,generated,235,2241,2,4,not-scored,False,True,True,True,False,False,True,False,internals;failure_bug;experiment;crosslinks
docs/archaeology/patent-map.md,seed-map,seed-map,174,1778,3,4,not-scored,True,True,False,True,False,True,False,False,version;failure_bug;unknowns;crosslinks
docs/archaeology/pf-api-version-lineage.md,active,article,440,3409,8,8,developed,True,True,True,True,True,True,False,True,unknowns
docs/archaeology/timeline.md,active,article,473,3904,5,8,developed,True,True,True,True,True,False,True,True,experiment
docs/architecture/product-system-atlas.md,active,article,502,4309,2,6,developed,True,True,True,True,False,True,False,False,failure_bug;unknowns;crosslinks
docs/architecture/project-vs-render-state.md,active,article,511,4210,5,8,developed,True,True,True,True,True,True,True,False,crosslinks
docs/architecture/subsystem-boundaries.md,active,article,622,5312,11,10,deep,True,True,True,True,True,True,True,True,
docs/architecture/system-overview.md,active,article,826,6960,14,8,deep,True,True,True,True,False,False,True,True,failure_bug;experiment
docs/audio-system/overview.md,active,overview,395,3294,5,6,developed,True,True,False,True,True,False,True,False,version;experiment;crosslinks
docs/audio-system/runtime-architecture.md,active,article,644,5514,10,9,deep,True,True,True,True,True,False,True,True,experiment
docs/cache-system/bounds-cache.md,active,article,368,3190,7,9,developed,True,True,True,True,True,True,True,True,
docs/cache-system/cache-architecture.md,active,article,478,4014,7,6,developed,True,True,True,True,False,True,False,False,failure_bug;unknowns;crosslinks
docs/cache-system/compute-cache.md,active,article,755,5934,14,10,deep,True,True,True,True,True,True,True,True,
docs/cache-system/disk-cache.md,active,article,579,4722,11,7,developed,True,True,True,False,True,True,True,False,api_context;crosslinks
docs/cache-system/expression-cache.md,active,article,474,3697,7,6,developed,True,True,True,True,True,False,False,False,experiment;unknowns;crosslinks
docs/cache-system/guid-mixing.md,active,article,387,2813,5,6,developed,True,True,False,True,True,True,False,False,version;unknowns;crosslinks
docs/cache-system/state-identity.md,active,article,768,6005,9,9,deep,True,True,True,True,True,False,True,True,experiment
docs/cache-system/temporal-validity.md,researched-seed,article,579,4578,8,8,deep,True,True,True,True,True,True,True,False,crosslinks
docs/capability-recipes/cache-safe-extra-dependencies.md,active,article,551,4197,13,9,deep,True,True,True,True,True,True,True,True,
docs/capability-recipes/cep-vs-uxp-extension-plane.md,active,article,830,6318,9,9,deep,True,True,True,True,True,False,True,True,experiment
docs/capability-recipes/compute-cache-deduplicate-work.md,active,article,653,4927,10,9,deep,True,True,True,True,True,False,True,True,experiment
docs/capability-recipes/effect-prefix-rendering.md,active,article,696,5500,12,10,deep,True,True,True,True,True,True,True,True,
docs/capability-recipes/headless-fresh-vs-reuse.md,active,article,534,4054,9,9,developed,True,True,True,True,True,True,True,True,
docs/capability-recipes/host-compatible-hash-state.md,active,article,786,5861,9,9,deep,True,True,True,True,True,True,False,True,unknowns
docs/capability-recipes/index.md,active,index,212,1853,2,7,not-scored,True,True,True,True,False,True,True,True,failure_bug
docs/capability-recipes/item-change-since-timestamp.md,active,article,495,3802,9,9,developed,True,True,True,True,True,True,True,True,
docs/capability-recipes/observe-internals-safely.md,active,article,325,2705,9,9,developed,True,True,True,True,True,True,True,True,
docs/capability-recipes/stable-object-references.md,active,article,497,4145,11,9,developed,True,True,True,True,True,True,True,True,
docs/capability-recipes/suite-version-negotiation.md,active,article,734,5477,14,10,deep,True,True,True,True,True,True,True,True,
docs/capability-recipes/ui-automation-extension-plane.md,active,article,393,3387,9,9,developed,True,True,True,True,True,True,True,True,
docs/color-pipeline/overview.md,active,overview,533,4571,10,7,developed,True,True,False,True,True,False,True,True,version;experiment
docs/color-pipeline/runtime-architecture.md,active,article,845,7143,13,10,deep,True,True,True,True,True,True,True,True,
docs/evaluation/bee.md,active,article,1098,8679,10,10,deep,True,True,True,True,True,True,True,True,
docs/evaluation/collateral-dependencies.md,researched-seed,article,627,4923,8,8,deep,True,True,False,True,True,False,True,True,version;experiment
docs/evaluation/dirty-invalidation.md,active,article,962,7778,10,9,deep,True,True,True,True,True,True,True,False,crosslinks
docs/evaluation/evaluation-model.md,active,article,361,2953,5,7,developed,True,True,True,False,False,True,True,True,api_context;failure_bug
docs/evaluation/speculative-evaluation.md,active-hypothesis,article,446,3740,8,9,developed,True,True,True,True,True,True,True,True,
docs/evaluation/work-queues.md,active,article,566,4519,9,9,deep,True,True,True,True,True,True,True,True,
docs/expression-engine/architecture.md,active,article,836,6599,8,8,deep,True,True,True,True,True,True,False,False,unknowns;crosslinks
docs/expression-engine/caching.md,active,article,632,5258,9,8,deep,True,True,True,True,True,True,False,False,unknowns;crosslinks
docs/expression-engine/preprocessing.md,active-hypothesis,article,571,4981,8,9,deep,True,True,True,True,True,True,True,True,
docs/foundations/cross-host-triangulation.md,active,article,514,3945,6,8,developed,True,True,True,True,True,True,True,False,crosslinks
docs/foundations/evidence-model.md,active,article,474,3972,6,9,developed,True,True,True,True,True,True,True,True,
docs/foundations/independent-reimplementation-triangulation.md,active,article,330,2718,6,8,developed,True,True,True,True,False,True,True,True,failure_bug
docs/foundations/methodology.md,active,article,578,4542,7,8,deep,True,True,True,True,True,True,True,False,crosslinks
docs/foundations/scope-and-coverage-model.md,active,article,382,2921,5,7,developed,True,True,True,True,True,True,False,False,unknowns;crosslinks
docs/foundations/terminology.md,active,article,545,4337,10,8,developed,True,True,True,True,True,True,True,False,crosslinks
docs/foundations/version-model.md,active,article,668,5325,11,10,deep,True,True,True,True,True,True,True,True,
docs/gpu-system/overview.md,active,overview,749,6093,11,10,deep,True,True,True,True,True,True,True,True,
docs/headless-system/overview.md,active,overview,330,3042,7,9,developed,True,True,True,True,True,True,True,True,
docs/headless-system/runtime-architecture.md,active,article,600,5110,9,9,deep,True,True,False,True,True,True,True,True,version
docs/host-integration/ae-vs-premiere-same-problems-different-architecture.md,active,article,645,5185,12,10,deep,True,True,True,True,True,True,True,True,
docs/host-integration/aegp/index.md,index,index,29,222,1,2,not-scored,True,False,False,True,False,False,False,False,evidence;version;failure_bug;experiment;unknowns;crosslinks
docs/host-integration/aeio/index.md,index,index,23,175,1,2,not-scored,True,False,False,True,False,False,False,False,evidence;version;failure_bug;experiment;unknowns;crosslinks
docs/host-integration/aeio/overview.md,active,overview,958,7536,15,9,deep,True,True,False,True,True,True,True,True,version
docs/host-integration/artisans/index.md,index,index,35,242,1,2,not-scored,True,True,False,False,False,False,False,False,version;api_context;failure_bug;experiment;unknowns;crosslinks
docs/host-integration/artisans/render-context-and-interactive-policy.md,active,article,718,5526,10,10,deep,True,True,True,True,True,True,True,True,
docs/host-integration/capability-frontier.md,active,article,325,2753,6,9,developed,True,True,True,True,True,True,True,True,
docs/host-integration/cep/cc2015-panel-sdk.md,active,article,452,3746,9,8,developed,True,True,True,True,True,False,True,True,experiment
docs/host-integration/command-line/index.md,index,index,20,184,1,0,not-scored,False,False,False,False,False,False,False,False,internals;evidence;version;api_context;failure_bug;experiment;unknowns;crosslinks
docs/host-integration/cpp-sdk/aegp-internal-coordinate-bridges.md,active,article,567,4867,10,9,deep,True,True,True,True,True,True,True,True,
docs/host-integration/cpp-sdk/aegps/index.md,index,index,32,229,1,2,not-scored,True,False,False,True,False,False,False,False,evidence;version;failure_bug;experiment;unknowns;crosslinks
docs/host-integration/cpp-sdk/aeios/index.md,index,index,32,229,1,2,not-scored,True,False,False,True,False,False,False,False,evidence;version;failure_bug;experiment;unknowns;crosslinks
docs/host-integration/cpp-sdk/artisans/index.md,index,index,32,232,1,2,not-scored,True,False,False,True,False,False,False,False,evidence;version;failure_bug;experiment;unknowns;crosslinks
docs/host-integration/cpp-sdk/audio/index.md,index,index,32,229,1,2,not-scored,True,False,False,True,False,False,False,False,evidence;version;failure_bug;experiment;unknowns;crosslinks
docs/host-integration/cpp-sdk/effect-basics/index.md,index,index,33,237,1,2,not-scored,True,False,False,True,False,False,False,False,evidence;version;failure_bug;experiment;unknowns;crosslinks
docs/host-integration/cpp-sdk/effect-details/index.md,index,index,33,238,1,2,not-scored,True,False,False,True,False,False,False,False,evidence;version;failure_bug;experiment;unknowns;crosslinks
docs/host-integration/cpp-sdk/effect-ui-events/index.md,index,index,35,244,1,2,not-scored,True,False,False,True,False,False,False,False,evidence;version;failure_bug;experiment;unknowns;crosslinks
docs/host-integration/cpp-sdk/guide-gap-matrix.md,active,article,500,4257,4,7,developed,True,True,True,True,False,True,True,False,failure_bug;crosslinks
docs/host-integration/cpp-sdk/host-reimplementation-failure-patterns.md,active,article,553,4297,11,9,deep,True,True,True,True,True,True,True,True,
docs/host-integration/cpp-sdk/independent-abi-reimplementations.md,active,article,966,7446,11,10,deep,True,True,True,True,True,True,True,True,
docs/host-integration/cpp-sdk/index.md,index,index,38,256,1,2,not-scored,True,False,False,True,False,False,False,False,evidence;version;failure_bug;experiment;unknowns;crosslinks
docs/host-integration/cpp-sdk/introduction/index.md,index,index,32,236,1,2,not-scored,True,False,False,True,False,False,False,False,evidence;version;failure_bug;experiment;unknowns;crosslinks
docs/host-integration/cpp-sdk/performance-and-escape-hatches.md,active,article,552,4389,7,7,developed,True,True,True,True,True,True,False,False,unknowns;crosslinks
docs/host-integration/cpp-sdk/platform-header-parity.md,active,article,461,3760,9,8,developed,True,True,True,True,False,True,True,True,failure_bug
docs/host-integration/cpp-sdk/premiere-other-hosts/index.md,index,index,36,252,1,2,not-scored,True,False,False,True,False,False,False,False,evidence;version;failure_bug;experiment;unknowns;crosslinks
docs/host-integration/cpp-sdk/sample-pitfalls.md,active,article,531,4033,7,7,developed,True,True,True,True,True,True,False,False,unknowns;crosslinks
docs/host-integration/cpp-sdk/sdk-distribution-archaeology.md,active,article,494,4120,6,8,developed,True,True,True,True,True,False,True,True,experiment
docs/host-integration/cpp-sdk/smartfx/index.md,index,index,32,231,1,2,not-scored,True,False,False,True,False,False,False,False,evidence;version;failure_bug;experiment;unknowns;crosslinks
docs/host-integration/cpp-sdk/state-api-evolution.md,active,article,575,4491,8,6,developed,True,True,False,True,True,True,False,False,version;unknowns;crosslinks
docs/host-integration/cpp-sdk/suite-versioning-and-abi.md,active,article,590,4530,6,9,deep,True,True,True,True,True,True,True,True,
docs/host-integration/expressions/index.md,index,index,28,233,1,2,not-scored,True,False,False,True,False,False,False,False,evidence;version;failure_bug;experiment;unknowns;crosslinks
docs/host-integration/pica-sweetpea/plugin-runtime-cache.md,active,article,468,3748,6,7,developed,True,True,True,True,True,True,False,False,unknowns;crosslinks
docs/host-integration/pica-sweetpea/property-and-file-discovery.md,active,article,664,5166,13,9,deep,True,True,True,True,True,False,True,True,experiment
docs/host-integration/pica-sweetpea/runtime-architecture.md,active,article,939,6966,13,7,developed,True,True,True,True,True,False,False,False,experiment;unknowns;crosslinks
docs/host-integration/pica-sweetpea/suite-versioning.md,active,article,472,3693,9,6,developed,True,True,True,True,True,False,False,False,experiment;unknowns;crosslinks
docs/host-integration/premiere-pro/async-file-io.md,active,article,324,2564,8,9,developed,True,True,True,True,True,True,True,True,
docs/host-integration/premiere-pro/cache-model-analogs.md,active,article,527,3935,7,6,developed,True,True,True,True,True,False,False,False,experiment;unknowns;crosslinks
docs/host-integration/premiere-pro/gpu-memory-contract.md,active,article,701,5357,12,10,deep,True,True,True,True,True,True,True,True,
docs/host-integration/premiere-pro/memory-management-analogs.md,active,article,474,3609,9,6,developed,True,True,False,True,True,True,False,False,version;unknowns;crosslinks
docs/host-integration/premiere-pro/opaque-effect-data.md,active,article,563,4346,9,8,deep,True,True,False,True,True,True,True,True,version
docs/host-integration/premiere-pro/ppix-cache.md,active,article,508,3968,10,9,developed,True,True,True,True,True,True,True,True,
docs/host-integration/premiere-pro/render-graph-analogs.md,active,article,525,4013,10,7,developed,True,True,True,True,True,True,False,False,unknowns;crosslinks
docs/host-integration/premiere-pro/sdk26-modernization.md,active,article,313,2442,5,9,developed,True,True,True,True,True,True,True,True,
docs/host-integration/premiere-pro/sequence-render-prefetch.md,active,article,697,5587,13,10,deep,True,True,True,True,True,True,True,True,
docs/host-integration/premiere-pro/shared-effect-api.md,active,article,475,3807,9,7,developed,True,True,True,True,True,True,False,False,unknowns;crosslinks
docs/host-integration/premiere-pro/smart-rendering.md,active,article,569,4680,10,9,deep,True,True,True,True,True,True,True,True,
docs/host-integration/premiere-pro/threading-async.md,active,article,377,3217,7,6,developed,True,True,False,True,True,True,False,False,version;unknowns;crosslinks
docs/host-integration/scripting/index.md,index,index,45,412,1,3,not-scored,True,True,False,True,False,False,False,False,version;failure_bug;experiment;unknowns;crosslinks
docs/host-integration/scripting/menu-commands/index.md,index,index,32,239,1,2,not-scored,True,False,False,True,False,False,False,False,evidence;version;failure_bug;experiment;unknowns;crosslinks
docs/host-integration/scripting/object-model/index.md,index,index,32,238,1,2,not-scored,True,False,False,True,False,False,False,False,evidence;version;failure_bug;experiment;unknowns;crosslinks
docs/host-integration/scripting/properties/index.md,index,index,31,236,1,2,not-scored,True,False,False,True,False,False,False,False,evidence;version;failure_bug;experiment;unknowns;crosslinks
docs/host-integration/scripting/reflection/index.md,index,index,31,236,1,2,not-scored,True,False,False,True,False,False,False,False,evidence;version;failure_bug;experiment;unknowns;crosslinks
docs/host-integration/smartfx/index.md,index,index,23,209,1,2,not-scored,True,False,False,True,False,False,False,False,evidence;version;failure_bug;experiment;unknowns;crosslinks
docs/host-integration/uxp-cep/cep-runtime.md,active,article,701,5401,10,9,deep,True,True,True,True,True,False,True,True,experiment
docs/host-integration/uxp-cep/index.md,index,index,27,215,1,2,not-scored,True,False,False,True,False,False,False,False,evidence;version;failure_bug;experiment;unknowns;crosslinks
docs/host-integration/uxp-cep/uxp-after-effects-status.md,active,article,500,3683,6,7,developed,True,False,True,True,True,True,True,False,evidence;crosslinks
docs/image-pipeline/alpha-zero-rgb.md,active,article,891,6549,10,9,deep,True,True,True,True,True,True,False,True,unknowns
docs/image-pipeline/auxiliary-channels.md,active,article,684,5035,12,8,deep,True,True,True,True,False,True,True,False,failure_bug;crosslinks
docs/image-pipeline/convolution-kernels.md,active,article,661,5172,9,10,deep,True,True,True,True,True,True,True,True,
docs/image-pipeline/numerical-behavior.md,active,article,503,4120,11,7,developed,True,False,True,True,True,True,True,False,evidence;crosslinks
docs/image-pipeline/pixel-formats.md,active,article,623,4516,8,8,deep,True,True,True,True,True,True,False,False,unknowns;crosslinks
docs/image-pipeline/roi-bounds.md,active,article,386,2995,7,7,developed,True,True,True,True,False,True,True,False,failure_bug;crosslinks
docs/image-pipeline/sampling.md,active,article,676,5261,8,7,developed,True,True,False,True,False,True,True,False,version;failure_bug;crosslinks
docs/index.md,active,index,204,2181,3,5,not-scored,True,True,True,True,False,False,True,False,failure_bug;experiment;crosslinks
docs/interop/overview.md,active,overview,627,5542,12,10,deep,True,True,True,True,True,True,True,True,
docs/media-system/adobe-media-accelerator-identity.md,active,article,545,4513,8,9,developed,True,True,True,True,True,True,True,True,
docs/media-system/media-identity.md,active,article,813,6928,11,8,deep,True,True,True,True,True,False,True,False,experiment;crosslinks
docs/media-system/overview.md,active,overview,625,5403,8,9,deep,True,True,True,True,True,False,True,True,experiment
docs/media-system/runtime-architecture.md,active,article,350,3398,6,6,developed,True,True,True,True,False,False,False,True,failure_bug;experiment;unknowns
docs/memory-system/overview.md,active,overview,539,4270,9,8,developed,True,True,True,True,True,False,True,True,experiment
docs/memory-system/runtime-architecture.md,active,article,884,7521,16,10,deep,True,True,True,True,True,True,True,True,
docs/mfr/overview.md,active,overview,763,5950,10,10,deep,True,True,True,True,True,True,True,True,
docs/mfr/state-ownership.md,active,article,700,5325,8,8,deep,True,True,True,True,True,True,False,False,unknowns;crosslinks
docs/observability/debug-database.md,active,article,773,6132,9,10,deep,True,True,True,True,True,True,True,True,
docs/observability/gpu-tracing.md,active,article,312,2493,6,9,developed,True,True,True,True,True,True,True,True,
docs/observability/logging.md,active,article,331,2573,4,9,developed,True,True,True,True,True,True,True,True,
docs/observability/module-inventory.md,active,article,338,2862,5,8,developed,True,True,True,True,True,True,False,True,unknowns
docs/observability/process-tracing.md,active,article,319,2387,5,8,developed,True,True,True,True,True,True,True,False,crosslinks
docs/observability/trace-database.md,active,article,301,2656,4,7,developed,True,True,True,True,False,True,False,True,failure_bug;unknowns
docs/persistence/aep-binary-model.md,active,article,596,4334,8,6,developed,True,True,True,True,False,False,True,False,failure_bug;experiment;crosslinks
docs/persistence/aep.md,active,article,571,4415,9,7,developed,True,True,True,True,True,False,True,False,experiment;crosslinks
docs/persistence/aepx.md,active,article,468,3538,8,7,developed,True,True,True,False,True,True,True,False,api_context;crosslinks
docs/persistence/cache-formats.md,active,article,306,2752,7,9,developed,True,True,True,True,True,True,True,True,
docs/persistence/ffx.md,active-hypothesis,article,455,3615,6,8,developed,True,True,True,True,True,True,True,False,crosslinks
docs/persistence/preferences.md,active,article,471,3801,5,7,developed,True,True,True,True,True,True,False,False,unknowns;crosslinks
docs/persistence/pseudo-effects.md,active,article,321,2612,5,9,developed,True,True,True,True,True,True,True,True,
docs/persistence/sequence-data.md,active,article,593,4699,10,6,developed,True,True,True,True,True,False,False,False,experiment;unknowns;crosslinks
docs/product-shell/overview.md,active,overview,531,4173,7,7,developed,True,True,True,True,True,False,True,False,experiment;crosslinks
docs/reference/aeig-1.0-final-operator-run.md,active,article,414,3264,10,6,developed,True,True,True,False,False,True,False,True,api_context;failure_bug;unknowns
docs/reference/aeig-1.0-release.md,reference-generated,reference-generated,99,704,1,3,not-scored,True,True,False,False,False,False,False,True,version;api_context;failure_bug;experiment;unknowns
docs/reference/aeig-1.0-static-rc.md,generated,generated,138,1161,3,4,not-scored,True,True,False,True,False,True,False,False,version;failure_bug;unknowns;crosslinks
docs/reference/analyzer-selftest.md,generated,generated,46,735,1,4,not-scored,True,True,False,True,False,True,False,False,version;failure_bug;unknowns;crosslinks
docs/reference/api-capability-atlas.md,active,article,354,3145,7,9,developed,True,True,True,True,True,True,True,True,
docs/reference/api-completeness-status.md,generated,generated,195,1650,4,4,not-scored,False,True,True,True,True,False,False,False,internals;experiment;unknowns;crosslinks
docs/reference/api-guide-relation-status.md,generated,generated,66,797,1,3,not-scored,False,True,True,True,False,False,False,False,internals;failure_bug;experiment;unknowns;crosslinks
docs/reference/binding-corroboration-status.md,generated,generated,56,536,1,3,not-scored,False,True,True,True,False,False,False,False,internals;failure_bug;experiment;unknowns;crosslinks
docs/reference/bug-quirk-registry.md,generated,generated,1131,10291,5,9,not-scored,True,True,True,True,True,True,False,True,unknowns
docs/reference/capability-frontier-status.md,generated,generated,70,831,4,3,not-scored,True,False,True,False,False,False,True,False,evidence;api_context;failure_bug;experiment;crosslinks
docs/reference/corpus-coverage-status.md,generated,generated,261,2568,3,8,not-scored,True,True,True,True,True,True,True,True,
docs/reference/debug-database-keys.md,reference-generated,reference-generated,159,1350,1,6,not-scored,True,True,True,True,False,True,False,True,failure_bug;unknowns
docs/reference/debug-trace-lineage-status.md,generated,generated,215,2352,2,2,not-scored,False,True,True,False,False,False,False,False,internals;api_context;failure_bug;experiment;unknowns;crosslinks
docs/reference/finalizer-refutation-selftest.md,generated,generated,80,1055,1,4,not-scored,True,True,True,False,False,True,False,False,api_context;failure_bug;unknowns;crosslinks
docs/reference/finalizer-success-selftest.md,generated,generated,76,927,1,4,not-scored,True,True,True,False,False,True,False,False,api_context;failure_bug;unknowns;crosslinks
docs/reference/finding-reference-status.md,generated,generated,16,145,1,2,not-scored,False,True,False,False,False,False,True,False,internals;version;api_context;failure_bug;experiment;crosslinks
docs/reference/l5-operator-evidence-map.md,active,article,383,3422,5,9,developed,True,True,True,True,True,True,True,True,
docs/reference/l5-outcome-decision-table.md,generated,generated,207,1946,1,5,not-scored,True,True,True,True,False,True,False,False,failure_bug;unknowns;crosslinks
docs/reference/l5-user-run-finalization.md,reference-generated,reference-generated,64,505,1,2,not-scored,False,False,False,False,False,True,False,True,internals;evidence;version;api_context;failure_bug;unknowns
docs/reference/master-surface-query.md,active,article,467,3853,5,8,developed,True,True,True,True,True,False,True,True,experiment
docs/reference/master-surface-registry-filtering-note.md,active,article,497,4073,9,8,developed,True,True,True,True,True,False,True,True,experiment
docs/reference/master-surface-registry.md,generated,generated,159,1990,3,7,not-scored,True,True,True,True,True,False,True,True,experiment
docs/reference/official-guide-snapshot-lineage.md,generated,generated,233,2375,1,3,not-scored,False,True,True,True,False,False,False,False,internals;failure_bug;experiment;unknowns;crosslinks
docs/reference/page-depth-audit.md,generated,generated,537,6430,4,8,not-scored,True,True,True,True,True,True,False,True,unknowns
docs/reference/pre-operator-readiness.md,generated,generated,693,7986,1,9,not-scored,True,True,True,True,True,True,True,False,crosslinks
docs/reference/prediction-lock-selftest.md,generated,generated,40,508,1,3,not-scored,True,True,False,False,False,True,False,False,version;api_context;failure_bug;unknowns;crosslinks
docs/reference/prediction-status.md,generated,generated,266,2486,2,5,not-scored,True,True,False,True,False,True,True,False,version;failure_bug;crosslinks
docs/reference/promotion-transaction-selftest.md,generated,generated,47,530,1,3,not-scored,True,False,True,False,False,True,False,False,evidence;api_context;failure_bug;unknowns;crosslinks
docs/reference/release-pipeline-selftest.md,generated,generated,37,512,1,2,not-scored,True,False,False,False,False,True,False,False,evidence;version;api_context;failure_bug;unknowns;crosslinks
docs/reference/release-readiness.md,generated,generated,245,2549,2,5,not-scored,True,True,False,True,True,False,True,False,version;experiment;crosslinks
docs/reference/repository-integrity.md,generated,generated,294,3219,1,7,not-scored,True,True,True,True,True,True,True,False,crosslinks
docs/reference/roadmap-status.md,generated,generated,80,665,3,3,not-scored,True,True,False,False,False,False,False,True,version;api_context;failure_bug;experiment;unknowns
docs/reference/runtime-export-atlas-status.md,generated,generated,135,1336,3,4,not-scored,True,True,False,True,False,False,True,False,version;failure_bug;experiment;crosslinks
docs/reference/sdk-lineage-status.md,generated,generated,46,527,1,3,not-scored,False,True,True,True,False,False,False,False,internals;failure_bug;experiment;unknowns;crosslinks
docs/reference/static-rc-fingerprint.md,generated,generated,41,428,1,2,not-scored,False,False,False,False,True,False,False,True,internals;evidence;version;api_context;experiment;unknowns
docs/reference/static-rc-identity.md,generated,generated,71,629,2,2,not-scored,True,False,False,False,False,False,False,True,evidence;version;api_context;failure_bug;experiment;unknowns
docs/reference/static-rc-snapshot.md,generated,generated,53,500,1,2,not-scored,False,False,False,True,False,True,False,False,internals;evidence;version;failure_bug;unknowns;crosslinks
docs/reference/static-rc-status.md,generated,generated,152,1536,3,5,not-scored,True,True,True,False,False,True,True,False,api_context;failure_bug;crosslinks
docs/reference/static-release-candidate.md,generated,generated,207,2108,6,7,not-scored,True,True,True,True,False,True,True,True,failure_bug
docs/reference/trace-categories.md,reference-generated,reference-generated,141,1244,1,4,not-scored,True,True,True,False,False,False,False,True,api_context;failure_bug;experiment;unknowns
docs/reference/unknown-frontier.md,generated,generated,58,500,1,4,not-scored,True,True,False,False,False,False,True,True,version;api_context;failure_bug;experiment
docs/reference/version-matrix.md,active,article,469,3887,6,9,developed,True,True,True,True,True,True,True,True,
docs/render-graph/async-render-requests.md,active,article,554,4388,10,7,developed,True,False,False,True,True,True,True,True,evidence;version
docs/render-graph/frame-checkout.md,active,article,817,6646,8,9,deep,True,True,True,True,True,False,True,True,experiment
docs/render-graph/layer-input-stage.md,active,article,728,5660,13,10,deep,True,True,True,True,True,True,True,True,
docs/render-graph/layer-pipeline-stages.md,active,article,473,3643,8,8,developed,True,True,True,True,True,True,True,False,crosslinks
docs/render-graph/render-context.md,active,article,472,3915,10,7,developed,True,True,False,True,True,True,True,False,version;crosslinks
docs/render-graph/render-graph-model.md,active,article,500,4321,8,7,developed,True,True,True,True,False,False,True,True,failure_bug;experiment
docs/render-graph/render-nodes.md,active,article,616,5488,13,10,deep,True,True,True,True,True,True,True,True,
docs/render-graph/render-request-sufficiency.md,active,article,588,4507,9,7,developed,True,False,False,True,True,True,True,True,evidence;version
docs/render-graph/render-tasks.md,active,article,611,5007,6,8,deep,True,True,False,True,True,True,False,True,version;unknowns
docs/render-graph/request-architecture-history.md,active,article,397,2950,8,6,developed,True,True,True,True,False,True,False,False,failure_bug;unknowns;crosslinks
docs/state-model/guid-receipts.md,active,article,371,2813,8,7,developed,True,True,True,True,True,False,True,False,experiment;crosslinks
docs/state-model/handle-lifetimes.md,active,article,640,4739,12,6,developed,True,False,True,True,True,False,False,False,evidence;experiment;unknowns;crosslinks
docs/state-model/object-identity.md,active,article,778,6213,11,9,deep,True,True,True,True,True,False,True,True,experiment
docs/state-model/receipt-taxonomy.md,active,article,540,4105,7,8,developed,True,False,True,True,True,True,True,True,evidence
docs/state-model/snapshots.md,active,article,661,5070,10,9,deep,True,True,True,True,True,False,True,True,experiment
docs/state-model/streams-properties.md,active,article,803,6585,12,10,deep,True,True,True,True,True,True,True,True,
docs/temporal-system/motion-blur.md,active,article,569,4384,8,7,developed,True,True,False,True,True,True,True,False,version;crosslinks
docs/temporal-system/smart-time-cache.md,active,article,532,4394,11,9,developed,True,True,True,True,True,True,True,True,
docs/temporal-system/temporal-dependencies.md,active,article,679,5409,10,10,deep,True,True,True,True,True,True,True,True,
docs/temporal-system/time-model.md,active,article,534,4272,9,7,developed,True,True,False,True,True,True,True,False,version;crosslinks
docs/text-system/overview.md,active,overview,701,5588,10,10,deep,True,True,True,True,True,True,True,True,
docs/threading-system/effect-selector-concurrency.md,active,article,673,5599,13,9,deep,True,True,False,True,True,True,True,True,version
docs/threading-system/overview.md,active,overview,597,4642,6,6,developed,True,True,True,True,True,False,False,False,experiment;unknowns;crosslinks
docs/three-d-system/overview.md,active,overview,418,3291,9,8,developed,True,True,True,True,True,False,True,True,experiment
docs/tracking-analysis/overview.md,active,overview,549,4684,10,9,developed,True,True,True,True,True,True,True,True,
docs/troubleshooting/failure-model.md,active,article,502,4160,7,9,developed,True,True,True,True,True,True,True,True,
docs/troubleshooting/fixed-issue-architecture-mining.md,active,article,445,3472,7,8,developed,True,True,True,True,True,True,False,True,unknowns
docs/ui-system/async-custom-ui-rendering.md,active,article,824,5926,12,10,deep,True,True,True,True,True,True,True,True,
docs/ui-system/overview.md,active,overview,644,5120,9,8,deep,True,True,False,True,True,False,True,True,version;experiment
docs/ui-system/spectrum-and-ae-ui.md,active,article,849,6947,13,8,deep,True,True,True,True,False,True,False,True,failure_bug;unknowns
docs/ui-system/view-state-and-render-boundary.md,active,article,531,4492,11,8,developed,True,True,True,True,True,False,True,True,experiment
docs/vector-shape-system/overview.md,active,overview,369,3061,6,7,developed,True,True,True,True,False,True,False,True,failure_bug;unknowns
docs/vector-shape-system/runtime-architecture.md,active,article,702,6157,10,9,deep,True,True,True,False,True,True,True,True,api_context
