bug_id,title,source_type,subsystem,affected_versions,fixed_version,status,symptom,architecture_boundary,workaround_or_rule,evidence_ref,source_url,docs_page,finding_id,confidence,docs_exists,finding_exists
BQ-0001,Object Matte failed under aerender,adobe-fixed-issue,ai-analysis/headless,26.0-26.2,26.2.1,fixed,aerender failed to render compositions containing Object Matte,analysis persistence/headless render integration,Use a fixed host version; treat headless support as an independent capability boundary,Adobe fixed issues 26.2.1,https://helpx.adobe.com/after-effects/desktop/troubleshooting/fixed-and-known-issues/fixed-issues.html,docs/ai-analysis/overview.md,F-AI-001,high,True,True
BQ-0002,Object Matte leaked stream-flag operations into Undo,adobe-fixed-issue,ai-analysis/state,pre-26.5,26.5,fixed,Object Matte added spurious Set Stream Flags undo steps,analysis UI/project-stream mutation boundary,Do not infer internal stream mutations are user-visible semantic edits,Adobe fixed issues 26.5,https://helpx.adobe.com/after-effects/desktop/troubleshooting/fixed-and-known-issues/fixed-issues.html,docs/ai-analysis/overview.md,F-AI-002,high,True,True
BQ-0003,Expression TextStyle changes failed to invalidate cached frames,adobe-fixed-issue,text/cache,pre-26.3,26.3,fixed,expression-driven text style edits could leave existing cache frames stale,expression dependency/text render identity/cache invalidation,Version-scope cache/invalidation tests for expression-driven text style,Adobe fixed issues 26.3,https://helpx.adobe.com/after-effects/desktop/troubleshooting/fixed-and-known-issues/fixed-issues.html,docs/text-system/overview.md,F-TEXT-002,high,True,True
BQ-0004,Compressed Disk Caching could crash,adobe-known-issue,cache-system,26.0/26.2,26.2.1 mitigation,known/mitigated,some configurations crashed with Lossless Compressed Disk Caching enabled,disk-cache codec/backend compatibility,Use hardware fallback/fixed versions; keep compressed/uncompressed paths separate in evidence,Adobe known/fixed issues,https://helpx.adobe.com/after-effects/desktop/troubleshooting/fixed-and-known-issues/known-issues-after-effects.html,docs/archaeology/disk-playback-era.md,F-CACHE-002,high,True,True
BQ-0005,Cache purge could freeze on slow or network cache,adobe-fixed-issue,cache/memory,pre-26.5,26.5,fixed,Empty Disk/3D/All Caches could freeze while scanning large slow or network cache,purge control loop/filesystem latency/UI progress,Treat purge as asynchronous/resource-control work rather than one blocking free,Adobe fixed issues 26.5,https://helpx.adobe.com/after-effects/desktop/troubleshooting/fixed-and-known-issues/fixed-issues.html,docs/memory-system/runtime-architecture.md,F-CACHE-014,high,True,True
BQ-0006,Media cache cleanup could hang on unsynced OneDrive entries,adobe-fixed-issue,media/cache,pre-26.5,26.5,fixed,cleaning media cache could hang when entries referenced unsynced OneDrive files,cache cleanup/external filesystem availability,Model cache cleanup as external-I/O tolerant; do not assume local synchronous files,Adobe fixed issues 26.5,https://helpx.adobe.com/after-effects/desktop/troubleshooting/fixed-and-known-issues/fixed-issues.html,docs/persistence/cache-formats.md,,high,True,True
BQ-0007,Mask Tracker failed below Full resolution,adobe-fixed-issue,tracking-analysis,pre-26.5,26.5,fixed,mask tracking could fail when composition Resolution was below Full,analysis sampling/downsample/coordinate mapping,Record preview/downsample state independently from source-analysis state,Adobe fixed issues 26.5,https://helpx.adobe.com/after-effects/desktop/troubleshooting/fixed-and-known-issues/fixed-issues.html,docs/tracking-analysis/overview.md,F-TRACK-001,high,True,True
BQ-0008,Essential Property values leaked across precomps in one Advanced 3D bin,adobe-fixed-issue,3d/state,pre-26.2,26.2,fixed,Essential Property values were shared across precomps in the same 3D bin with Collapse Transformations,instance/context identity under collapsed 3D rendering,Test per-instance render identity under collapsed/shared-bin contexts,Adobe fixed issues 26.2,https://helpx.adobe.com/after-effects/desktop/troubleshooting/fixed-and-known-issues/fixed-issues.html,docs/three-d-system/overview.md,F-3D-002,high,True,True
BQ-0009,Advanced 3D over-complex scenes crashed instead of failing cleanly,adobe-fixed-issue,3d/render,pre-26.5,26.5,fixed,scenes too complex for the render engine could crash AE,renderer resource/admission/error boundary,Treat renderer feasibility/resource limits as explicit failure states,Adobe fixed issues 26.5,https://helpx.adobe.com/after-effects/desktop/troubleshooting/fixed-and-known-issues/fixed-issues.html,docs/three-d-system/overview.md,,high,True,True
BQ-0010,Draft 3D plus collapsed nested comps could crash,adobe-fixed-issue,3d/render,pre-26.5,26.5,fixed,enabling Draft 3D with collapsed nested comps could crash,collapsed-context/render-bin/renderer interaction,Use topology-specific regression fixtures for collapsed 3D paths,Adobe fixed issues 26.5,https://helpx.adobe.com/after-effects/desktop/troubleshooting/fixed-and-known-issues/fixed-issues.html,docs/render-graph/render-context.md,F-RENDER-004,high,True,True
BQ-0011,Coplanar Advanced 3D order differed from Classic 3D,adobe-fixed-issue,3d/render-order,pre-26.5,26.5,fixed,coplanar 3D layer render order differed between Advanced and Classic 3D,renderer-specific ordering policy,Do not infer one universal 3D ordering policy from timeline order,Adobe fixed issues 26.5,https://helpx.adobe.com/after-effects/desktop/troubleshooting/fixed-and-known-issues/fixed-issues.html,docs/three-d-system/overview.md,,high,True,True
BQ-0012,Variable-font expression animation caused performance/menu duplication,adobe-fixed-issue,text/font,pre-26.0,26.0,fixed,variable-font expression animation slowed performance and created extra font-style menu entries,font-axis/style materialization and identity,Record font resource/axis state in expression/text performance tests,Adobe fixed issues 26.0,https://helpx.adobe.com/after-effects/desktop/troubleshooting/fixed-and-known-issues/fixed-issues.html,docs/text-system/overview.md,F-TEXT-002,high,True,True
BQ-0013,Tiled EXR could render incomplete frames,adobe-fixed-issue,media/image,pre-25.5,25.5,fixed,tiled EXR footage could produce incomplete frames,decode/tile assembly/frame completeness,Use tiled-media fixtures when validating importer/frame completeness,Adobe fixed issues 25.5,https://helpx.adobe.com/after-effects/desktop/troubleshooting/fixed-and-known-issues/fixed-issues.html,docs/media-system/runtime-architecture.md,,high,True,True
BQ-0014,Reveal Logging Files could crash after long logging interval,adobe-fixed-issue,observability,pre-25.3,25.3,fixed,Help > Reveal Logging Files could crash more than 24 hours after logging was enabled,logging lifecycle/path/session rollover,Treat observability tooling as mutable runtime state with its own failure modes,Adobe fixed issues 25.3,https://helpx.adobe.com/after-effects/desktop/troubleshooting/fixed-and-known-issues/fixed-issues.html,docs/observability/logging.md,,high,True,True
BQ-0015,SmartFX checkout_layer returned empty rects in older host,adobe-sdk-known-issue,smartfx/bounds,11.0,11.0.1,fixed,checkout_layer during SMART_PRE_RENDER could return empty rects,pre-render checkout/bounds contract,Historical workaround was retry; no longer needed from 11.0.1,SmartFX Guide historical note,https://ae-plugins.docsforadobe.dev/smartfx/smartfx/,docs/archaeology/ae9-smartfx.md,,high,True,True
BQ-0016,Dynamic flags can race with render and poison cached frames,sdk-contract-warning,cache/threading,current contract,,active-risk,render can consume state different from the last QUERY_DYNAMIC_FLAGS response,dynamic capability generation/render identity,Snapshot dynamic state; return flags and render from the same generation,PF_OutData Guide,https://ae-plugins.docsforadobe.dev/effect-basics/PF_OutData/,docs/threading-system/effect-selector-concurrency.md,F-CACHE-010,high,True,True
BQ-0017,PF_GetCurrentState is deliberately unusable in UPDATE_PARAMS_UI,sdk-contract-warning,state/threading,13.5+,,active-contract,state query returns randomized/unreliable state in unsafe UI context,UI/render synchronization/deadlock boundary,Do not derive render cache identity synchronously from UPDATE_PARAMS_UI,Param Utils/state API evidence,https://ae-plugins.docsforadobe.dev/effect-details/parameter-supervision/,docs/host-integration/cpp-sdk/state-api-evolution.md,F-THREAD-002,high,True,True
BQ-0018,Kernel flags exist but host ignores several branches,sdk-contract-quirk,image/convolution,current distributed contract,,active-contract,REPLICATE_BORDERS and ALPHA_WEIGHT_CONVOLVE are defined but ignored; only USE_LONG coefficient mode implemented,declared API surface versus implemented host semantics,Implement required border/alpha semantics yourself; test behavior rather than enum presence,Graphics utility/kernel contract,https://ae-plugins.docsforadobe.dev/effect-details/graphics-utility-suites/,docs/image-pipeline/convolution-kernels.md,F-KERNEL-001,high,True,True
BQ-0019,Legacy Suite Handler can leak acquired suites,aeig-finding,pica/suites,historical sample utility,,historical-pitfall,deprecated suite handler acquisition/release behavior can leak suite references,PICA suite ownership/lifetime,Prefer AEFX_SuiteScoper or exact balanced acquisition/release,AEIG finding,,docs/host-integration/cpp-sdk/sample-pitfalls.md,F-DESIGN-002,high,True,True
BQ-0020,Compute Cache sample hashes pointer size instead of string bytes,sdk-sample-pitfall,cache/hash,25.6 sample/current guide,,sample-pitfall,sample passes sizeof(const char*) where textual tag length may have been intended,cache-key construction/sample correctness,Hash explicit byte count/string contents; never copy sample code without C/C++ semantic review,Compute Cache sample,https://ae-plugins.docsforadobe.dev/effect-details/compute-cache-api/,docs/host-integration/cpp-sdk/sample-pitfalls.md,,high,True,True
BQ-0021,SmartFX PreRender may have no matching Render,sdk-contract-lifecycle,smartfx,7.0+,,active-contract,resources allocated as if Render must follow PreRender can leak or corrupt state,planning/execution lifetime boundary,Transfer pre_render_data ownership to AE and support PreRender-only paths,SmartFX Guide,https://ae-plugins.docsforadobe.dev/smartfx/smartfx/,docs/render-graph/render-nodes.md,F-RG-003,high,True,True
BQ-0022,GPU Smart Render worlds have null CPU data pointer,sdk-contract-warning,gpu/image,16.0+,,active-contract,dereferencing PF_LayerDef.data during GPU Smart Render is invalid,CPU pointer versus GPU residency,Use GPU device/world access; data is null by contract,PF_EffectWorld Guide,https://ae-plugins.docsforadobe.dev/effect-basics/PF_EffectWorld/,docs/gpu-system/overview.md,F-GPU-005,high,True,True
BQ-0023,AEGP references can become invalid after project edits,sdk-contract-warning,state/handles,long-standing,,active-contract,long-lived Layer/Stream/queue refs can become invalid after structural changes; even keyframe edits can invalidate stream refs,opaque handle lifetime versus semantic identity,Store durable IDs/paths where documented and reacquire handles,AEGP implementation/suite docs,https://ae-plugins.docsforadobe.dev/aegps/implementation/,docs/state-model/object-identity.md,F-STATE-002,high,True,True
BQ-0024,Second command-line AE instance duplicates AEGP handles,sdk-contract-warning,headless/aegp,long-standing,,active-contract,saved opaque handles can collide/lose process-instance meaning when command-line AE instance duplicates handles,process identity versus handle identity,Associate retained host state with plug-in/AE instantiation; avoid serialized handles,AEGP implementation Guide,https://ae-plugins.docsforadobe.dev/aegps/implementation/,docs/headless-system/runtime-architecture.md,F-HEADLESS-001,high,True,True
BQ-0025,Mutable render sequence data is thread-local compatibility state,sdk-contract-pitfall,mfr/state,MFR era,,active-contract,mutations made to compatibility render sequence copies are not shared/durable across render threads,MFR sequence ownership,Use const render state plus Compute Cache/shared explicit synchronization for derived data,MFR Guide,https://ae-plugins.docsforadobe.dev/effect-details/multi-frame-rendering-in-ae/,docs/mfr/state-ownership.md,F-THREAD-003,high,True,True
BQ-0026,Source and destination cannot alias in host convolution,sdk-contract-warning,image/convolution,long-standing,,active-contract,in-place use of WorldTransform convolve violates host contract,image buffer ownership/aliasing,Use separate output/intermediate world,Graphics utility contract,https://ae-plugins.docsforadobe.dev/effect-details/graphics-utility-suites/,docs/image-pipeline/convolution-kernels.md,F-KERNEL-001,high,True,True
BQ-0027,Writing outside PF world rowbytes/region can corrupt cached buffers,sdk-contract-warning,image/memory,long-standing,,active-contract,assuming tight rows or writing beyond indicated region can modify unrelated cached image data,image-world allocation/cache alias boundary,Always use rowbytes and declared region; test with Grow Bounds,PF_EffectWorld Guide,https://ae-plugins.docsforadobe.dev/effect-basics/PF_EffectWorld/,docs/image-pipeline/pixel-formats.md,,high,True,True
BQ-0028,Classic stream ABI had compiler-specific padding incident,historical-abi-bug,streams/abi,CodeWarrior 7.1 era,,historical,compiler inserted extra padding in AEGP_StreamValue requiring forced packing workaround,binary ABI/compiler layout,Never serialize native structs or assume compiler packing across SDK generations,AEIG finding,,docs/state-model/streams-properties.md,F-STREAM-002,high,True,True
BQ-0029,SmartyPants sample likely has dynamic-flags bitmask defect,sdk-sample-pitfall,effect/dynamic-flags,25.6 sample,,sample-pitfall,Adobe sample likely mutates dynamic flag mask incorrectly in one path,sample code versus contract,Treat sample as expected-use evidence not infallible reference implementation,AEIG finding,,docs/host-integration/cpp-sdk/sample-pitfalls.md,F-SAMPLE-001,medium-high,True,True
BQ-0030,Old transfer macro intentionally preserves incorrect behavior,historical-compat-quirk,image/transfer,historical,,historical-compat,distributed SDK retains intentionally wrong transfer-mode macro for compatibility,ABI/behavior compatibility debt,Use corrected modern path unless reproducing legacy behavior intentionally,AEIG finding,,docs/host-integration/cpp-sdk/sample-pitfalls.md,F-DESIGN-003,high,True,True
BQ-0031,Legacy project Shape/Camera layer twirl state can reset on open,adobe-known-issue,ui/persistence,26.5 opening projects saved before 25.2,,known,Shape or Camera layer twirl state may reopen collapsed,project migration versus per-view/editor persistence,Restore twirl state manually and re-save project in current version,Adobe known issues 26.5,https://helpx.adobe.com/after-effects/desktop/troubleshooting/fixed-and-known-issues/known-issues-after-effects.html,docs/ui-system/view-state-and-render-boundary.md,,high,True,True
BQ-0032,Mask Tracker failed below Full composition resolution,adobe-fixed-issue,tracking/mask,26.3-era,26.5,fixed,new Mask Tracker failed when composition Resolution was less than Full,analysis sampling resolution versus semantic mask coordinates,Use 26.5+; test tracker semantics independently of preview resolution,Adobe fixed issues 26.5,https://helpx.adobe.com/after-effects/desktop/troubleshooting/fixed-and-known-issues/fixed-issues.html,docs/tracking-analysis/overview.md,F-TRACK-001,high,True,True
