corpus_id,scope,version,provenance,source,files_scanned,bytes_scanned,aggregate_sha256,parser,generated_dataset,unresolved,status
sdk-25.6-headers,native-sdk,25.6,local Adobe SDK distribution,E:\ae25.6_61.64bit.AfterEffectsSDK\Examples\Headers,68,1334836,873b5ad7089dcd28638a260e2628a65d00268ea13e7c3f1eb7af1499caefadd3,inventory_api_capability_atlas.py,ae-api-symbol-atlas.csv,structured parser gap against Guide-declared/header-declared candidates is 0; semantic/doc aliases remain separate,scanned
sdk-25.6-mac-headers,native-sdk,25.6,local Adobe Mac SDK archive; AppleDouble excluded; provenance.json retained,D:\Developer\After Effects Internals Guide\research\external-sources\ae-sdk-25.6-mac\Headers,68,1299735,deec382a1b227fc86aff409862d40a3e8c7925f395bc0394a542aae236878ff5,compare_sdk25_platform_semantics.py,ae-sdk-25_6-platform-semantic-parity.csv,public header surface is normalized-text identical to Windows 25.6 in the retained archives; binary/sample platform parity remains a separate question,scanned
sdk-local-pre25.6-headers,native-sdk,unknown-pre25.6,local retained SDK snapshot,E:\AfterEffectsSDK\Examples\Headers,66,1276617,afd6922856e486deddd9dfad13873c7cf6a34043eef1e5cd2329de856f0ec68a,inventory_api_capability_atlas.py,ae-api-symbol-atlas.csv,exact release provenance unresolved,scanned
sdk-cs6-headers,historical-sdk,CS6/11.0,third-party archive; provenance.json retained,D:\Developer\After Effects Internals Guide\research\external-sources\ae-sdk-cs6\Headers,34,801831,4c8429860433007df7bd30f8fda66a950b52e90c349d59143136a6697ad1f99d,inventory_api_capability_atlas.py,ae-api-symbol-atlas.csv,third-party archive provenance; verify against an original Adobe package when obtainable,scanned
sdk-cc2014-headers,historical-sdk,CC2014/13.0,third-party archive; git commit + provenance.json retained,D:\Developer\After Effects Internals Guide\research\external-sources\ae-sdk-cc2014\Headers,62,1050346,7c33d81735bae8dec79ee3587aff7099d2489b9d3a51bb905f03c7218b9f9232,inventory_api_capability_atlas.py,ae-api-symbol-atlas.csv,third-party archive provenance pinned to git commit ec12dfd17a9566ea17f2095a47795bc80e68518f; verify against an original Adobe package when obtainable,scanned
ae-2025-runtime-pe,runtime-binary,AE 2025 installed,local installed application,C:\Program Files\Adobe\Adobe After Effects 2025\Support Files,1111,3626129573,d127e993f8fc9d83620658d34c317a7eb175a5ea2d51059d4757baae3869530c,inventory_runtime_export_atlas.py,ae-2025-runtime-export-atlas.csv,"exports are binary-visible surfaces, not supported API contracts; non-exported internals remain outside this corpus",scanned
ae-debug-trace-stable,observability,9.0-26.3 retained,local retained AE profiles,C:\Users\kenta\AppData\Roaming\Adobe\After Effects,34,316444,845b383d673b93cff0295c34560319d1ae4102829da44b427e42cc8e8536eb98,inventory_debug_trace_lineage.py,ae-debug-trace-vocabulary.csv,retained profiles are incomplete between 11.0 and 23.4 and do not prove key semantics,scanned
aexlo-snapshot,independent-reimplementation,local snapshot,external source snapshot,D:\Developer\After Effects Internals Guide\research\external-sources\aexlo,106,630277,0bcf1f2387e7718d641641bdd7bed93631e96cf7d391a5f5f66487ac5e9f3050,audit_aexlo_suite_dispatch.py,aexlo-suite-dispatch-audit.csv,"independent host implementation, not Adobe authority",scanned
aexexecutor-source,independent-reimplementation,local historical project,user-owned source corpus,D:\Developer\AexExecutor,2432,15998061,e695357e1da6324a170ef18d5f73bf07faa24ded441198e9cba9d96cec30eba8,manual + targeted probes,,independent implementation source; not an Adobe authority,scanned
aexexecutor-failure-logs,failure-corpus,local historical project,top-level retained host/test logs,D:\Developer\AexExecutor,5,6448671,00ec1944c999ac1522371b0a31375ae7c820a42a848bd24414bb88eaf4d8a8dd,manual + targeted probes,,historical failure observations; coverage is limited to retained top-level text logs,scanned
sdk-25.6-premiere-shared,cross-host-sdk,25.6-bundled,PrSDK/shared headers inside AE SDK,E:\ae25.6_61.64bit.AfterEffectsSDK\Examples\Headers,2,31116,b8ece946e47e54ba640e8da03edbdd489af205e5d09a069f897e535497dddc5c,inventory_api_capability_atlas.py,ae-api-symbol-atlas.csv,,scanned
extension-substrate-ae2025,extension-runtime,AE 2025 installed,AE + Common Files CEP/UXP manifests and native bridges,D:\Developer\After Effects Internals Guide\datasets,1,143316,91c2eafe95ee35be2cd42e993ac9517e5815819fd729d42c7eafb895f8697709,inventory_extension_substrates.py,ae-2025-extension-substrates.csv,,scanned
aep-experiment-corpus,project-format-experiments,mixed,AEIG controlled experiment fixtures,D:\Developer\After Effects Internals Guide\experiments,17,39741,2ef7c260bcbd083388830d748813f52fb0867c9088314e1e8af5c4e5326c07cf,experiment-specific probes,,,scanned
after-effects-sys-bindings,independent-generated-binding,25.6-compatible/pre-26.5,third-party bindgen snapshot; git commit retained,D:\Developer\After Effects Internals Guide\research\external-sources\after-effects-rs\after-effects-sys,1,1005802,2c3a9e1ef751c658fd1209cd9a179dc8eed2602bdef05a52b4d15daf0f835889,compare_after_effects_sys_binding.py,ae-after-effects-sys-binding-corroboration.csv,independent generated binding corroboration only; not an Adobe authority and not a historical SDK substitute,scanned
cc2015-panel-sdk-samples,historical-extension-sdk,CC 2015 / AE 13.x,local retained Adobe Panel SDK sample corpus,E:\Adobe_After_Effects_CC_2015_Panel_SDK,18,75885,91661bb9606f036c920d705d72334fbb7577799744b9c4cc542ebab1027ec752,inventory_cc2015_panel_sdk.py,ae-cc2015-panel-sdk-surface.csv,sample corpus proves distributed CEP/CSXS panel contract; does not enumerate every CEP runtime API,scanned
guide-26.5,public-guide,26.5,current Docs for Adobe / Adobe-derived guide,https://ae-plugins.docsforadobe.dev/print_page/,1,1318008,7536e99abb8850b5bd89939eab1f2c284b7665e96e7b3e557f14f95198718046,inventory_api_capability_atlas.py,ae-api-symbol-atlas.csv,documentation corpus; does not enumerate private host internals,scanned-live
scripting-guide-current,scripting,26.5 changelog,Docs for Adobe scripting guide,https://ae-scripting.docsforadobe.dev/print_page/,1,1430793,92c512d269779fad7f86d7ee59af85de5b39915982a4942eeabb778de4b04ad5,inventory_script_expression_surfaces.py,ae-script-expression-api-atlas.csv,documentation-derived surface; runtime Reflection differential still pending,scanned-live
expression-reference-current,expressions,26.0 changelog,Docs for Adobe expression reference,https://ae-expressions.docsforadobe.dev/print_page/,1,535096,595088294c87fdaf6f235882ca94d2b533c05c760f3087539f08ae8c4c6ee052,inventory_script_expression_surfaces.py,ae-script-expression-api-atlas.csv,documentation-derived surface; runtime engine-only names still pending,scanned-live
