label,kind,name,type,dataType,isReadOnly,documented_member_name
Application,property,activeViewer,readwrite,Viewer,undefined,True
Application,property,appName,readwrite,string,undefined,False
Application,property,areToolTipsEnabled,readwrite,boolean,undefined,False
Application,property,availableGPUAccelTypes,readwrite,array,undefined,True
Application,property,buildName,readwrite,string,undefined,True
Application,property,buildNumber,readwrite,number,undefined,True
Application,property,ccUserGuid,readwrite,string,undefined,False
Application,property,disableRendering,readwrite,boolean,undefined,True
Application,property,disableScriptingProgressDialog,readwrite,boolean,undefined,False
Application,property,effects,readwrite,array,undefined,True
Application,property,exitAfterLaunchAndEval,readwrite,boolean,undefined,True
Application,property,exitCode,readwrite,number,undefined,True
Application,property,fonts,readwrite,Fonts,undefined,True
Application,property,getAllowedAppThemes,readwrite,array,undefined,False
Application,property,getAppTheme,readwrite,string,undefined,False
Application,property,getUseReducedContrast,readwrite,boolean,undefined,False
Application,property,internalEffects,readwrite,array,undefined,False
Application,property,isAnalyticsEnabled,readwrite,boolean,undefined,False
Application,property,isBeta,readwrite,boolean,undefined,False
Application,property,isProfessionalVersion,readwrite,boolean,undefined,False
Application,property,isRenderEngine,readwrite,boolean,undefined,True
Application,property,isStagingEnvironment,readwrite,boolean,undefined,False
Application,property,isUISuppressed,readwrite,boolean,undefined,False
Application,property,isWatchFolder,readwrite,boolean,undefined,True
Application,property,isoLanguage,readwrite,string,undefined,True
Application,property,language,readwrite,number,undefined,False
Application,property,learnPanelContentDirPath,readwrite,string,undefined,False
Application,property,memoryInUse,readwrite,number,undefined,True
Application,property,preferences,readwrite,Preferences,undefined,True
Application,property,project,readwrite,Project,undefined,True
Application,property,reportErrorOnMissingFrame,readwrite,boolean,undefined,False
Application,property,saveProjectOnCrash,readwrite,boolean,undefined,True
Application,property,settings,readwrite,Settings,undefined,True
Application,property,version,readwrite,string,undefined,True
Application,property,__proto__,readwrite,Object,undefined,False
Application,method,activate,method,any,undefined,True
Application,method,beginSuppressDialogs,method,any,undefined,True
Application,method,beginUndoGroup,method,any,undefined,True
Application,method,cancelTask,method,any,undefined,True
Application,method,cancelTimeout,method,any,undefined,False
Application,method,dispatchCEPEvent,method,any,undefined,False
Application,method,download,method,any,undefined,False
Application,method,endSuppressDialogs,method,any,undefined,True
Application,method,endUndoGroup,method,any,undefined,True
Application,method,endWatchFolder,method,any,undefined,True
Application,method,executeCommand,method,any,undefined,True
Application,method,findMenuCommandId,method,any,undefined,True
Application,method,getCCXUserJSONData,method,any,undefined,False
Application,method,getDebugDatabase,method,any,undefined,False
Application,method,getenv,method,any,undefined,False
Application,method,hasDebugDatabaseValue,method,any,undefined,False
Application,method,injectPresetAnimation,method,any,undefined,False
Application,method,isBetaFeatureEnabled,method,any,undefined,False
Application,method,log,method,any,undefined,False
Application,method,newProject,method,any,undefined,True
Application,method,newTeamProject,method,any,undefined,False
Application,method,objectToJSON,method,any,undefined,False
Application,method,onCEPEvent,method,any,undefined,False
Application,method,open,method,any,undefined,True
Application,method,openFast,method,any,undefined,True
Application,method,openTeamProject,method,any,undefined,False
Application,method,openTemplate,method,any,undefined,False
Application,method,parseSwatchFile,method,any,undefined,True
Application,method,pauseWatchFolder,method,any,undefined,True
Application,method,purge,method,any,undefined,True
Application,method,quit,method,any,undefined,True
Application,method,removeDebugDatabaseEntry,method,any,undefined,False
Application,method,restart,method,any,undefined,True
Application,method,scheduleTask,method,any,undefined,True
Application,method,setDebugDatabase,method,any,undefined,False
Application,method,setExtensionPersistent,method,any,undefined,False
Application,method,setMemoryUsageLimits,method,any,undefined,True
Application,method,setMultiFrameRenderingConfig,method,any,undefined,True
Application,method,setSavePreferencesOnQuit,method,any,undefined,True
Application,method,setTimeout,method,any,undefined,False
Application,method,themeColor,method,any,undefined,False
Application,method,watchFolder,method,any,undefined,True
Project,property,activeItem,readwrite,CompItem,undefined,True
Project,property,bitsPerChannel,readwrite,number,undefined,True
Project,property,colorManagementSystem,readwrite,number,undefined,False
Project,property,compensateForSceneReferredProfiles,readwrite,boolean,undefined,True
Project,property,dirty,readwrite,boolean,undefined,True
Project,property,displayStartFrame,readwrite,number,undefined,True
Project,property,expressionEngine,readwrite,string,undefined,True
Project,property,feetFramesFilmType,readwrite,number,undefined,True
Project,property,file,readwrite,null,undefined,True
Project,property,footageTimecodeDisplayStartType,readwrite,number,undefined,True
Project,property,framesCountType,readwrite,number,undefined,True
Project,property,framesUseFeetFrames,readwrite,boolean,undefined,True
Project,property,gpuAccelType,readwrite,number,undefined,True
Project,property,items,readwrite,ItemCollection,undefined,True
Project,property,linearBlending,readwrite,boolean,undefined,True
Project,property,linearizeWorkingSpace,readwrite,boolean,undefined,True
Project,property,lutInterpolationMethod,readwrite,number,undefined,False
Project,property,numItems,readwrite,number,undefined,True
Project,property,ocioConfigurationFile,readwrite,string,undefined,False
Project,property,renderQueue,readwrite,RenderQueue,undefined,True
Project,property,revision,readwrite,number,undefined,True
Project,property,rootFolder,readwrite,FolderItem,undefined,True
Project,property,selection,readwrite,array,undefined,True
Project,property,timeDisplayType,readwrite,number,undefined,True
Project,property,toolType,readwrite,number,undefined,True
Project,property,transparencyGridThumbnails,readwrite,boolean,undefined,True
Project,property,usedFonts,readwrite,array,undefined,True
Project,property,workingGamma,readwrite,number,undefined,True
Project,property,workingSpace,readwrite,string,undefined,True
Project,property,xmpPacket,readwrite,string,undefined,True
Project,property,__proto__,readwrite,Object,undefined,False
Project,method,autoFixExpressions,method,any,undefined,True
Project,method,close,method,any,undefined,True
Project,method,closeTeamProject,method,any,undefined,False
Project,method,consolidateFootage,method,any,undefined,True
Project,method,convertTeamProjectToProject,method,any,undefined,False
Project,method,createComp,method,any,undefined,False
Project,method,importFile,method,any,undefined,True
Project,method,importFileWithDialog,method,any,undefined,True
Project,method,importPlaceholder,method,any,undefined,True
Project,method,isAnyTeamProjectOpen,method,any,undefined,False
Project,method,isLoggedInToTeamProject,method,any,undefined,False
Project,method,isResolveCommandEnabled,method,any,undefined,False
Project,method,isShareCommandEnabled,method,any,undefined,False
Project,method,isSyncCommandEnabled,method,any,undefined,False
Project,method,isTeamProjectEnabled,method,any,undefined,False
Project,method,isTeamProjectOpen,method,any,undefined,False
Project,method,item,method,any,undefined,True
Project,method,itemByID,method,any,undefined,True
Project,method,layerByID,method,any,undefined,True
Project,method,listColorProfiles,method,any,undefined,True
Project,method,listTeamProjects,method,any,undefined,False
Project,method,newTeamProject,method,any,undefined,False
Project,method,openTeamProject,method,any,undefined,False
Project,method,placeAsset,method,any,undefined,False
Project,method,reduceProject,method,any,undefined,True
Project,method,removeUnusedFootage,method,any,undefined,True
Project,method,replaceFont,method,any,undefined,True
Project,method,resolveConflict,method,any,undefined,False
Project,method,save,method,any,undefined,True
Project,method,saveWithDialog,method,any,undefined,True
Project,method,serializeToXML,method,any,undefined,False
Project,method,setDefaultImportFolder,method,any,undefined,True
Project,method,shareTeamProject,method,any,undefined,False
Project,method,showWindow,method,any,undefined,True
Project,method,syncTeamProject,method,any,undefined,False
CompItem,property,activeCamera,readwrite,null,undefined,True
CompItem,property,bgColor,readwrite,array,undefined,True
CompItem,property,comment,readwrite,string,undefined,False
CompItem,property,counters,readwrite,boolean,undefined,True
CompItem,property,displayStartFrame,readwrite,number,undefined,True
CompItem,property,displayStartTime,readwrite,number,undefined,True
CompItem,property,draft3d,readwrite,boolean,undefined,True
CompItem,property,dropFrame,readwrite,boolean,undefined,True
CompItem,property,duration,readwrite,number,undefined,False
CompItem,property,dynamicLinkGUID,readwrite,string,undefined,False
CompItem,property,footageMissing,readwrite,boolean,undefined,False
CompItem,property,frameBlending,readwrite,boolean,undefined,True
CompItem,property,frameDuration,readwrite,number,undefined,True
CompItem,property,frameRate,readwrite,number,undefined,False
CompItem,property,frameTime,readwrite,number,undefined,False
CompItem,property,guides,readwrite,array,undefined,False
CompItem,property,hasAudio,readwrite,boolean,undefined,False
CompItem,property,hasVideo,readwrite,boolean,undefined,False
CompItem,property,height,readwrite,number,undefined,False
CompItem,property,hideShyLayers,readwrite,boolean,undefined,True
CompItem,property,id,readwrite,number,undefined,False
CompItem,property,isMediaReplacementCompatible,readwrite,boolean,undefined,False
CompItem,property,label,readwrite,number,undefined,False
CompItem,property,layers,readwrite,LayerCollection,undefined,True
CompItem,property,markerProperty,readwrite,Property,undefined,True
CompItem,property,motionBlur,readwrite,boolean,undefined,True
CompItem,property,motionBlurAdaptiveSampleLimit,readwrite,number,undefined,True
CompItem,property,motionBlurSamplesPerFrame,readwrite,number,undefined,True
CompItem,property,motionGraphicsTemplateControllerCount,readwrite,number,undefined,True
CompItem,property,motionGraphicsTemplateName,readwrite,string,undefined,True
CompItem,property,name,readwrite,string,undefined,False
CompItem,property,numLayers,readwrite,number,undefined,True
CompItem,property,parentFolder,readwrite,FolderItem,undefined,False
CompItem,property,pixelAspect,readwrite,number,undefined,False
CompItem,property,preserveNestedFrameRate,readwrite,boolean,undefined,True
CompItem,property,preserveNestedResolution,readwrite,boolean,undefined,True
CompItem,property,proxySource,readwrite,null,undefined,False
CompItem,property,renderer,readwrite,string,undefined,True
CompItem,property,renderers,readwrite,array,undefined,True
CompItem,property,resolutionFactor,readwrite,array,undefined,True
CompItem,property,selected,readwrite,boolean,undefined,False
CompItem,property,selectedLayers,readwrite,array,undefined,True
CompItem,property,selectedProperties,readwrite,array,undefined,True
CompItem,property,shutterAngle,readwrite,number,undefined,True
CompItem,property,shutterPhase,readwrite,number,undefined,True
CompItem,property,time,readwrite,number,undefined,False
CompItem,property,typeName,readwrite,string,undefined,False
CompItem,property,useProxy,readwrite,boolean,undefined,False
CompItem,property,usedIn,readwrite,array,undefined,False
CompItem,property,width,readwrite,number,undefined,False
CompItem,property,workAreaDuration,readwrite,number,undefined,True
CompItem,property,workAreaStart,readwrite,number,undefined,True
CompItem,property,__proto__,readwrite,Object,undefined,False
CompItem,method,addGuide,method,any,undefined,False
CompItem,method,applyPreset,method,any,undefined,False
CompItem,method,doContentAwareFill,method,any,undefined,False
CompItem,method,duplicate,method,any,undefined,True
CompItem,method,exportAsMotionGraphicsTemplate,method,any,undefined,True
CompItem,method,getGuideAsObject,method,any,undefined,False
CompItem,method,getMotionGraphicsTemplateControllerName,method,any,undefined,True
CompItem,method,getRenderGUID,method,any,undefined,False
CompItem,method,layer,method,any,undefined,True
CompItem,method,openInEssentialGraphics,method,any,undefined,True
CompItem,method,openInViewer,method,any,undefined,True
CompItem,method,ramPreviewTest,method,any,undefined,False
CompItem,method,remove,method,any,undefined,False
CompItem,method,removeGuide,method,any,undefined,False
CompItem,method,renderFrame,method,any,undefined,False
CompItem,method,saveDraftFrameToPng,method,any,undefined,False
CompItem,method,saveFrameToPng,method,any,undefined,False
CompItem,method,savePreset,method,any,undefined,False
CompItem,method,setGuide,method,any,undefined,False
CompItem,method,setMotionGraphicsControllerName,method,any,undefined,True
CompItem,method,setProxy,method,any,undefined,False
CompItem,method,setProxyToNone,method,any,undefined,False
CompItem,method,setProxyWithPlaceholder,method,any,undefined,False
CompItem,method,setProxyWithSequence,method,any,undefined,False
CompItem,method,setProxyWithSolid,method,any,undefined,False
AVLayer,property,active,readwrite,boolean,undefined,False
AVLayer,property,adjustmentLayer,readwrite,boolean,undefined,True
AVLayer,property,audioActive,readwrite,boolean,undefined,True
AVLayer,property,audioEnabled,readwrite,boolean,undefined,True
AVLayer,property,autoOrient,readwrite,number,undefined,False
AVLayer,property,blendingMode,readwrite,number,undefined,True
AVLayer,property,canSetCollapseTransformation,readwrite,boolean,undefined,True
AVLayer,property,canSetEnabled,readwrite,boolean,undefined,False
AVLayer,property,canSetTimeRemapEnabled,readwrite,boolean,undefined,True
AVLayer,property,collapseTransformation,readwrite,boolean,undefined,True
AVLayer,property,comment,readwrite,string,undefined,False
AVLayer,property,containingComp,readwrite,CompItem,undefined,False
AVLayer,property,effectsActive,readwrite,boolean,undefined,True
AVLayer,property,elided,readwrite,boolean,undefined,False
AVLayer,property,enabled,readwrite,boolean,undefined,False
AVLayer,property,environmentLayer,readwrite,boolean,undefined,True
AVLayer,property,frameBlending,readwrite,boolean,undefined,True
AVLayer,property,frameBlendingType,readwrite,number,undefined,True
AVLayer,property,guideLayer,readwrite,boolean,undefined,True
AVLayer,property,guides,readwrite,array,undefined,False
AVLayer,property,hasAudio,readwrite,boolean,undefined,True
AVLayer,property,hasTrackMatte,readwrite,boolean,undefined,True
AVLayer,property,hasVideo,readwrite,boolean,undefined,False
AVLayer,property,height,readwrite,number,undefined,True
AVLayer,property,id,readwrite,number,undefined,False
AVLayer,property,inPoint,readwrite,number,undefined,False
AVLayer,property,index,readwrite,number,undefined,False
AVLayer,property,isEffect,readwrite,boolean,undefined,False
AVLayer,property,isMask,readwrite,boolean,undefined,False
AVLayer,property,isModified,readwrite,boolean,undefined,False
AVLayer,property,isNameFromSource,readwrite,boolean,undefined,True
AVLayer,property,isNameSet,readwrite,boolean,undefined,False
AVLayer,property,isTrackMatte,readwrite,boolean,undefined,True
AVLayer,property,label,readwrite,number,undefined,False
AVLayer,property,lightSource,readwrite,,undefined,False
AVLayer,property,lightType,readwrite,,undefined,False
AVLayer,property,locked,readwrite,boolean,undefined,False
AVLayer,property,matchName,readwrite,string,undefined,False
AVLayer,property,motionBlur,readwrite,boolean,undefined,True
AVLayer,property,name,readwrite,string,undefined,False
AVLayer,property,nullLayer,readwrite,boolean,undefined,False
AVLayer,property,numProperties,readwrite,number,undefined,False
AVLayer,property,outPoint,readwrite,number,undefined,False
AVLayer,property,parent,readwrite,null,undefined,False
AVLayer,property,parentProperty,readwrite,null,undefined,False
AVLayer,property,preserveTransparency,readwrite,boolean,undefined,True
AVLayer,property,propertyDepth,readwrite,number,undefined,False
AVLayer,property,propertyType,readwrite,number,undefined,False
AVLayer,property,quality,readwrite,number,undefined,True
AVLayer,property,samplingQuality,readwrite,number,undefined,True
AVLayer,property,selected,readwrite,boolean,undefined,False
AVLayer,property,selectedProperties,readwrite,array,undefined,False
AVLayer,property,shy,readwrite,boolean,undefined,False
AVLayer,property,solo,readwrite,boolean,undefined,False
AVLayer,property,source,readwrite,FootageItem,undefined,True
AVLayer,property,startTime,readwrite,number,undefined,False
AVLayer,property,stretch,readwrite,number,undefined,False
AVLayer,property,threeDLayer,readwrite,boolean,undefined,True
AVLayer,property,threeDPerChar,readwrite,boolean,undefined,True
AVLayer,property,time,readwrite,number,undefined,False
AVLayer,property,timeRemapEnabled,readwrite,boolean,undefined,True
AVLayer,property,trackMatteLayer,readwrite,null,undefined,True
AVLayer,property,trackMatteType,readwrite,number,undefined,True
AVLayer,property,width,readwrite,number,undefined,True
AVLayer,property,__proto__,readwrite,Object,undefined,False
AVLayer,method,,method,any,undefined,False
AVLayer,method,==,method,any,undefined,False
AVLayer,method,activeAtTime,method,any,undefined,False
AVLayer,method,addGuide,method,any,undefined,False
AVLayer,method,addProperty,method,any,undefined,False
AVLayer,method,addToMotionGraphicsTemplate,method,any,undefined,True
AVLayer,method,addToMotionGraphicsTemplateAs,method,any,undefined,True
AVLayer,method,addVariableFontAxis,method,any,undefined,False
AVLayer,method,applyPreset,method,any,undefined,False
AVLayer,method,audioActiveAtTime,method,any,undefined,True
AVLayer,method,calculateTransformFromPoints,method,any,undefined,True
AVLayer,method,canAddProperty,method,any,undefined,False
AVLayer,method,canAddToMotionGraphicsTemplate,method,any,undefined,True
AVLayer,method,compPointToSource,method,any,undefined,True
AVLayer,method,copyToComp,method,any,undefined,False
AVLayer,method,doSceneEditDetection,method,any,undefined,False
AVLayer,method,duplicate,method,any,undefined,False
AVLayer,method,getGuideAsObject,method,any,undefined,False
AVLayer,method,getRenderGUID,method,any,undefined,False
AVLayer,method,moveAfter,method,any,undefined,False
AVLayer,method,moveBefore,method,any,undefined,False
AVLayer,method,moveTo,method,any,undefined,False
AVLayer,method,moveToBeginning,method,any,undefined,False
AVLayer,method,moveToEnd,method,any,undefined,False
AVLayer,method,openInViewer,method,any,undefined,True
AVLayer,method,property,method,any,undefined,False
AVLayer,method,propertyGroup,method,any,undefined,False
AVLayer,method,remove,method,any,undefined,False
AVLayer,method,removeGuide,method,any,undefined,False
AVLayer,method,removeTrackMatte,method,any,undefined,True
AVLayer,method,replaceSource,method,any,undefined,True
AVLayer,method,savePreset,method,any,undefined,False
AVLayer,method,setGuide,method,any,undefined,False
AVLayer,method,setParentWithJump,method,any,undefined,False
AVLayer,method,setTrackMatte,method,any,undefined,True
AVLayer,method,sourcePointToComp,method,any,undefined,True
AVLayer,method,sourceRectAtTime,method,any,undefined,True
AVLayer,method,splitLayer,method,any,undefined,False
RenderQueue,property,canQueueInAME,readwrite,boolean,undefined,True
RenderQueue,property,firstError,readwrite,string,undefined,False
RenderQueue,property,items,readwrite,RQItemCollection,undefined,True
RenderQueue,property,lastError,readwrite,string,undefined,False
RenderQueue,property,numItems,readwrite,number,undefined,True
RenderQueue,property,queueNotify,readwrite,boolean,undefined,True
RenderQueue,property,rendering,readwrite,boolean,undefined,True
RenderQueue,property,__proto__,readwrite,Object,undefined,False
RenderQueue,method,item,method,any,undefined,True
RenderQueue,method,pauseRendering,method,any,undefined,True
RenderQueue,method,queueInAME,method,any,undefined,True
RenderQueue,method,render,method,any,undefined,True
RenderQueue,method,renderAsync,method,any,undefined,False
RenderQueue,method,showWindow,method,any,undefined,True
RenderQueue,method,stopRendering,method,any,undefined,True
RenderQueueItem,property,comment,readwrite,string,undefined,False
RenderQueueItem,property,comp,readwrite,CompItem,undefined,True
RenderQueueItem,property,elapsedSeconds,readwrite,number,undefined,True
RenderQueueItem,property,logType,readwrite,number,undefined,True
RenderQueueItem,property,numOutputModules,readwrite,number,undefined,True
RenderQueueItem,property,outputModules,readwrite,OMCollection,undefined,True
RenderQueueItem,property,queueItemNotify,readwrite,boolean,undefined,True
RenderQueueItem,property,render,readwrite,boolean,undefined,True
RenderQueueItem,property,skipFrames,readwrite,number,undefined,True
RenderQueueItem,property,startTime,readwrite,null,undefined,True
RenderQueueItem,property,status,readwrite,number,undefined,True
RenderQueueItem,property,templates,readwrite,array,undefined,True
RenderQueueItem,property,timeSpanDuration,readwrite,number,undefined,True
RenderQueueItem,property,timeSpanStart,readwrite,number,undefined,True
RenderQueueItem,property,__proto__,readwrite,Object,undefined,False
RenderQueueItem,method,applyTemplate,method,any,undefined,True
RenderQueueItem,method,duplicate,method,any,undefined,True
RenderQueueItem,method,getSetting,method,any,undefined,True
RenderQueueItem,method,getSettings,method,any,undefined,True
RenderQueueItem,method,onComplete,method,any,undefined,False
RenderQueueItem,method,onReorder,method,any,undefined,False
RenderQueueItem,method,onStatus,method,any,undefined,False
RenderQueueItem,method,outputModule,method,any,undefined,True
RenderQueueItem,method,remove,method,any,undefined,True
RenderQueueItem,method,saveAsTemplate,method,any,undefined,True
RenderQueueItem,method,setSetting,method,any,undefined,True
RenderQueueItem,method,setSettings,method,any,undefined,True
OutputModule,property,file,readwrite,File,undefined,True
OutputModule,property,includeSourceXMP,readwrite,boolean,undefined,True
OutputModule,property,name,readwrite,string,undefined,True
OutputModule,property,postRenderAction,readwrite,number,undefined,True
OutputModule,property,templates,readwrite,array,undefined,True
OutputModule,property,__proto__,readwrite,Object,undefined,False
OutputModule,method,applyTemplate,method,any,undefined,True
OutputModule,method,getSetting,method,any,undefined,True
OutputModule,method,getSettings,method,any,undefined,True
OutputModule,method,normalizeSettings,method,any,undefined,False
OutputModule,method,remove,method,any,undefined,True
OutputModule,method,saveAsTemplate,method,any,undefined,True
OutputModule,method,setSetting,method,any,undefined,True
OutputModule,method,setSettings,method,any,undefined,True
