implementation,source,function,risk,mutable_pointer_args,output_named_args,behavior
aexlo,research\external-sources\aexlo\crates\aexlo\src\suites\macros.rs,get_clip_name_stub,success-with-unwritten-output,out_sdk_string,out_sdk_string,stub_log returns PF_Err_NONE and does not touch arguments
aexlo,research\external-sources\aexlo\crates\aexlo\src\suites\utility.rs,get_filter_instance_id_stub,success-with-unwritten-output,out_filter_instance_id,out_filter_instance_id,stub_log returns PF_Err_NONE and does not touch arguments
aexlo,research\external-sources\aexlo\crates\aexlo\src\suites\utility.rs,get_media_timecode_stub,success-with-unwritten-output,out_current_frame;out_time_display,out_current_frame;out_time_display,stub_log returns PF_Err_NONE and does not touch arguments
aexlo,research\external-sources\aexlo\crates\aexlo\src\suites\utility.rs,get_clip_speed_stub,success-with-unwritten-output,speed,,stub_log returns PF_Err_NONE and does not touch arguments
aexlo,research\external-sources\aexlo\crates\aexlo\src\suites\utility.rs,get_clip_duration_stub,success-with-unwritten-output,frame_duration,,stub_log returns PF_Err_NONE and does not touch arguments
aexlo,research\external-sources\aexlo\crates\aexlo\src\suites\utility.rs,get_clip_start_stub,success-with-unwritten-output,frame_duration,,stub_log returns PF_Err_NONE and does not touch arguments
aexlo,research\external-sources\aexlo\crates\aexlo\src\suites\utility.rs,get_unscaled_clip_duration_stub,success-with-unwritten-output,frame_duration,,stub_log returns PF_Err_NONE and does not touch arguments
aexlo,research\external-sources\aexlo\crates\aexlo\src\suites\utility.rs,get_unscaled_clip_start_stub,success-with-unwritten-output,frame_duration,,stub_log returns PF_Err_NONE and does not touch arguments
aexlo,research\external-sources\aexlo\crates\aexlo\src\suites\utility.rs,get_track_item_start_stub,success-with-unwritten-output,frame_duration,,stub_log returns PF_Err_NONE and does not touch arguments
aexlo,research\external-sources\aexlo\crates\aexlo\src\suites\utility.rs,get_media_field_type_stub,success-with-unwritten-output,out_field_type,out_field_type,stub_log returns PF_Err_NONE and does not touch arguments
aexlo,research\external-sources\aexlo\crates\aexlo\src\suites\utility.rs,get_media_frame_rate_stub,success-with-unwritten-output,out_ticks_per_frame,out_ticks_per_frame,stub_log returns PF_Err_NONE and does not touch arguments
aexlo,research\external-sources\aexlo\crates\aexlo\src\suites\utility.rs,get_containing_timeline_id_stub,success-with-unwritten-output,out_timeline_id,out_timeline_id,stub_log returns PF_Err_NONE and does not touch arguments
aexlo,research\external-sources\aexlo\crates\aexlo\src\suites\utility.rs,get_clip_name_stub,success-with-unwritten-output,out_sdk_string,out_sdk_string,stub_log returns PF_Err_NONE and does not touch arguments
aexlo,research\external-sources\aexlo\crates\aexlo\src\suites\utility.rs,effect_wants_checked_out_frames_to_match_render_pixel_format_stub,success-with-no-semantic-effect,,,stub_log returns PF_Err_NONE and does not touch arguments
aexlo,research\external-sources\aexlo\crates\aexlo\src\suites\utility.rs,effect_depends_on_clip_name_stub,success-with-no-semantic-effect,,,stub_log returns PF_Err_NONE and does not touch arguments
aexlo,research\external-sources\aexlo\crates\aexlo\src\suites\utility.rs,set_effect_instance_name_stub,success-with-no-semantic-effect,,,stub_log returns PF_Err_NONE and does not touch arguments
aexlo,research\external-sources\aexlo\crates\aexlo\src\suites\utility.rs,get_file_name_stub,success-with-unwritten-output,out_sdk_string,out_sdk_string,stub_log returns PF_Err_NONE and does not touch arguments
aexlo,research\external-sources\aexlo\crates\aexlo\src\suites\utility.rs,get_original_clip_frame_rate_stub,success-with-unwritten-output,out_ticks_per_frame,out_ticks_per_frame,stub_log returns PF_Err_NONE and does not touch arguments
aexlo,research\external-sources\aexlo\crates\aexlo\src\suites\utility.rs,get_source_track_media_timecode_stub,success-with-unwritten-output,out_current_frame,out_current_frame,stub_log returns PF_Err_NONE and does not touch arguments
aexlo,research\external-sources\aexlo\crates\aexlo\src\suites\utility.rs,get_source_track_clip_name_stub,success-with-unwritten-output,out_sdk_string,out_sdk_string,stub_log returns PF_Err_NONE and does not touch arguments
aexlo,research\external-sources\aexlo\crates\aexlo\src\suites\utility.rs,get_source_track_file_name_stub,success-with-unwritten-output,out_sdk_string,out_sdk_string,stub_log returns PF_Err_NONE and does not touch arguments
aexlo,research\external-sources\aexlo\crates\aexlo\src\suites\utility.rs,effect_depends_on_clip_name2_stub,success-with-no-semantic-effect,,,stub_log returns PF_Err_NONE and does not touch arguments
aexlo,research\external-sources\aexlo\crates\aexlo\src\suites\utility.rs,get_media_timecode2_stub,success-with-unwritten-output,out_current_frame;out_time_display,out_current_frame;out_time_display,stub_log returns PF_Err_NONE and does not touch arguments
aexlo,research\external-sources\aexlo\crates\aexlo\src\suites\utility.rs,get_source_track_media_timecode2_stub,success-with-unwritten-output,out_current_frame,out_current_frame,stub_log returns PF_Err_NONE and does not touch arguments
aexlo,research\external-sources\aexlo\crates\aexlo\src\suites\utility.rs,get_source_track_clip_name2_stub,success-with-unwritten-output,out_sdk_string,out_sdk_string,stub_log returns PF_Err_NONE and does not touch arguments
aexlo,research\external-sources\aexlo\crates\aexlo\src\suites\utility.rs,get_source_track_file_name2_stub,success-with-unwritten-output,out_sdk_string,out_sdk_string,stub_log returns PF_Err_NONE and does not touch arguments
aexlo,research\external-sources\aexlo\crates\aexlo\src\suites\utility.rs,get_comment_string_stub,success-with-unwritten-output,out_sdk_string,out_sdk_string,stub_log returns PF_Err_NONE and does not touch arguments
aexlo,research\external-sources\aexlo\crates\aexlo\src\suites\utility.rs,get_log_note_string_stub,success-with-unwritten-output,out_sdk_string,out_sdk_string,stub_log returns PF_Err_NONE and does not touch arguments
aexlo,research\external-sources\aexlo\crates\aexlo\src\suites\utility.rs,get_camera_roll_string_stub,success-with-unwritten-output,out_sdk_string,out_sdk_string,stub_log returns PF_Err_NONE and does not touch arguments
aexlo,research\external-sources\aexlo\crates\aexlo\src\suites\utility.rs,get_client_metadata_string_stub,success-with-unwritten-output,out_sdk_string,out_sdk_string,stub_log returns PF_Err_NONE and does not touch arguments
aexlo,research\external-sources\aexlo\crates\aexlo\src\suites\utility.rs,get_daily_roll_string_stub,success-with-unwritten-output,out_sdk_string,out_sdk_string,stub_log returns PF_Err_NONE and does not touch arguments
aexlo,research\external-sources\aexlo\crates\aexlo\src\suites\utility.rs,get_description_string_stub,success-with-unwritten-output,out_sdk_string,out_sdk_string,stub_log returns PF_Err_NONE and does not touch arguments
aexlo,research\external-sources\aexlo\crates\aexlo\src\suites\utility.rs,get_lab_roll_string_stub,success-with-unwritten-output,out_sdk_string,out_sdk_string,stub_log returns PF_Err_NONE and does not touch arguments
aexlo,research\external-sources\aexlo\crates\aexlo\src\suites\utility.rs,get_scene_string_stub,success-with-unwritten-output,out_sdk_string,out_sdk_string,stub_log returns PF_Err_NONE and does not touch arguments
aexlo,research\external-sources\aexlo\crates\aexlo\src\suites\utility.rs,get_shot_string_stub,success-with-unwritten-output,out_sdk_string,out_sdk_string,stub_log returns PF_Err_NONE and does not touch arguments
aexlo,research\external-sources\aexlo\crates\aexlo\src\suites\utility.rs,get_tape_name_string_stub,success-with-unwritten-output,out_sdk_string,out_sdk_string,stub_log returns PF_Err_NONE and does not touch arguments
aexlo,research\external-sources\aexlo\crates\aexlo\src\suites\utility.rs,get_video_codec_string_stub,success-with-unwritten-output,out_sdk_string,out_sdk_string,stub_log returns PF_Err_NONE and does not touch arguments
aexlo,research\external-sources\aexlo\crates\aexlo\src\suites\utility.rs,get_good_metadata_string_stub,success-with-unwritten-output,out_sdk_string,out_sdk_string,stub_log returns PF_Err_NONE and does not touch arguments
aexlo,research\external-sources\aexlo\crates\aexlo\src\suites\utility.rs,get_sound_roll_string_stub,success-with-unwritten-output,out_sdk_string,out_sdk_string,stub_log returns PF_Err_NONE and does not touch arguments
aexlo,research\external-sources\aexlo\crates\aexlo\src\suites\utility.rs,get_sequence_time_stub,success-with-unwritten-output,out_sequence_time,out_sequence_time,stub_log returns PF_Err_NONE and does not touch arguments
aexlo,research\external-sources\aexlo\crates\aexlo\src\suites\utility.rs,get_sound_timecode_stub,success-with-unwritten-output,out_current_frame,out_current_frame,stub_log returns PF_Err_NONE and does not touch arguments
aexlo,research\external-sources\aexlo\crates\aexlo\src\suites\utility.rs,get_original_clip_frame_rate_for_source_track_stub,success-with-unwritten-output,out_ticks_per_frame,out_ticks_per_frame,stub_log returns PF_Err_NONE and does not touch arguments
aexlo,research\external-sources\aexlo\crates\aexlo\src\suites\utility.rs,get_media_frame_rate_for_source_track_stub,success-with-unwritten-output,out_ticks_per_frame,out_ticks_per_frame,stub_log returns PF_Err_NONE and does not touch arguments
aexlo,research\external-sources\aexlo\crates\aexlo\src\suites\utility.rs,get_source_track_media_actual_start_time_stub,success-with-unwritten-output,out_clip_actual_start_time,out_clip_actual_start_time,stub_log returns PF_Err_NONE and does not touch arguments
aexlo,research\external-sources\aexlo\crates\aexlo\src\suites\utility.rs,is_source_track_media_trimmed_stub,success-with-unwritten-output,out_trim_applied,out_trim_applied,stub_log returns PF_Err_NONE and does not touch arguments
aexlo,research\external-sources\aexlo\crates\aexlo\src\suites\utility.rs,is_media_trimmed_stub,success-with-unwritten-output,out_trim_applied,out_trim_applied,stub_log returns PF_Err_NONE and does not touch arguments
aexlo,research\external-sources\aexlo\crates\aexlo\src\suites\utility.rs,is_track_empty_stub,success-with-unwritten-output,out_is_track_empty,out_is_track_empty,stub_log returns PF_Err_NONE and does not touch arguments
aexlo,research\external-sources\aexlo\crates\aexlo\src\suites\utility.rs,is_track_item_effect_applied_to_synthetic_stub,success-with-unwritten-output,out_is_track_item_effect_applied_to_synthetic,out_is_track_item_effect_applied_to_synthetic,stub_log returns PF_Err_NONE and does not touch arguments
AexExecutor,D:\Developer\AexExecutor\src\aex_host.cpp,unknown_suite_fn / s_unknown_suite[1024],broad-success-fabrication,unknown,unknown,1024 generic slots call a function returning A_Err_NONE without writing outputs
