path,lines,comment_score,suite_count,flag_count,internal_count
Util\AEGP_SuiteHandler.h,624,7,462,115,0
Headers\AE_GeneralPlug.h,5741,150,149,1478,3
Headers\AE_ComputeCacheSuite.h,175,169,5,16,2
Headers\SP\SPRuntme.h,504,288,14,0,1
Headers\AE_GeneralPlugOld.h,10882,306,204,773,0
Headers\SP\SPPlugs.h,654,277,16,0,0
Headers\SP\SPSuites.h,315,144,18,0,0
Headers\SP\SPAdapts.h,406,164,12,0,0
Headers\SP\SPProps.h,337,132,8,0,0
Headers\SP\SPAccess.h,379,129,11,0,0
Headers\SP\SPBasic.h,182,64,16,0,0
Headers\SP\SPFiles.h,540,136,9,0,0
Headers\SP\SPBckDbg.h,115,48,7,0,0
AEGP\ProjDumper\ProjDumper.cpp,643,0,16,127,0
UI\HistoGrid\HistoGrid_UI_Handler.cpp,447,36,35,22,0
Headers\AE_Effect.h,3236,73,8,104,18
Headers\SP\SPCaches.h,127,48,7,0,0
AEGP\Queuebert\QueueBert.cpp,271,0,7,79,0
Headers\AE_HashSuite.h,52,0,6,5,2
AEGP\Mangler\Mangler.cpp,390,0,15,82,0
Headers\PrSDKAESupport.h,547,13,40,6,3
AEGP\Projector\Projector.cpp,801,0,20,117,0
Util\AEGP_Utils.cpp,37,0,6,16,0
AEGP\Text_Twiddler\Text_Twiddler.cpp,172,0,8,45,0
AEGP\Easy_Cheese\Easy_Cheese.cpp,457,0,13,76,0
AEGP\ProjDumper\GP_Vers.h,7,0,0,0,1
Headers\SP\SPInterf.h,176,40,9,0,0
Headers\SP\SPBlocks.h,116,32,7,0,0
Effect\PathMaster\PathMaster.cpp,717,6,18,23,6
AEGP\Grabba\Grabba.cpp,198,0,8,43,0
Headers\AE_EffectCBSuites.h,936,0,66,0,0
Headers\AE_EffectSuitesOld.h,283,37,11,8,0
AEGP\Streamie\Streamie.cpp,268,0,8,49,0
Effect\SDK_Invert_ProcAmp\SDK_Invert_ProcAmp.cpp,1210,4,27,16,7
Headers\AE_EffectSuites.h,756,37,35,4,0
Headers\SP\SPSTSPrp.h,48,24,0,0,0
GPUUtils\PrGPUFilterModule.h,331,0,30,9,0
Headers\SP\SPErrorCodes.h,171,12,17,0,0
Headers\AE_GeneralPlugPanels.h,157,0,4,24,1
AEGP\Sweetie\Sweetie.cpp,79,0,13,2,0
AEGP\Panelator\Panelator.cpp,146,0,6,26,0
UI\Supervisor\Supervisor.cpp,1208,8,23,35,3
AEGP\Commando\Commando.cpp,181,0,5,30,0
Headers\SP\SPPiPL.h,317,50,1,0,0
AEGP\Persisto\Persisto.cpp,176,0,5,26,0
Util\AEFX_SuiteHelper.c,139,0,15,1,0
Effect\SmartyPants\SmartyPants.cpp,1176,6,22,30,2
Effect\Resizer\Resizer.cpp,552,4,11,38,0
Util\DuckSuite.h,13,0,4,0,0
UI\ColorGrid\ColorGrid.cpp,725,13,12,16,2
Effect\SDK_Noise\SDK_Noise.cpp,725,0,30,13,0
Headers\adobesdk\DrawbotSuite.h,653,4,27,0,1
Headers\SP\SPCOM.h,8,6,0,0,0
AEGP\Artie\Artie.cpp,2014,6,16,87,0
Headers\AE_CacheOnLoadSuite.h,39,4,5,0,0
Headers\AE_EffectSuitesHelper.h,184,10,11,0,0
UI\HistoGrid\HistoGrid.cpp,789,4,19,26,0
UI\Custom_ECW_UI\Custom_ECW_UI.cpp,364,5,8,12,1
Headers\SP\photoshop\config\platform.hpp,108,22,0,0,0
AEGP\IO\IO.cpp,1112,8,11,48,0
AEGP\Panelator\PanelatorUI.cpp,138,0,7,10,0
Headers\SP\SPStrngs.h,128,8,7,0,0
AEGP\Panelator\PanelatorUI.h,81,0,5,7,0
Headers\AE_IO.h,877,7,1,4,5
Headers\SP\SPErrors.h,33,8,1,0,0
Headers\AE_AdvEffectSuites.h,367,0,18,0,0
Effect\Checkout\Checkout.cpp,319,0,12,9,0
Headers\SP\SPObject.h,15,6,0,0,0
Headers\AE_PluginData.h,168,0,1,0,2
Effect\Gamma_Table\Gamma_Table.cpp,370,0,1,11,2
Headers\SP\SPMData.h,65,8,2,0,0
Effect\Shifter\Shifter.cpp,619,0,14,13,0
Util\AEGP_Utils.h,9,0,1,2,0
AEGP\FBIO\FBIO.cpp,952,4,8,31,0
Effect\Transformer\Transformer.cpp,416,0,5,11,1
AEGP\Artie\Artie_types.h,112,8,0,7,0
Effect\SDK_Invert_ProcAmp\SDK_Invert_ProcAmp.h,143,14,0,2,0
Headers\A.h,245,0,0,1,2
Headers\PF_Masks.h,49,0,4,0,0
Util\AEGP_SuiteHandler.cpp,66,0,4,1,0
Headers\FIEL_Public.h,81,0,0,0,1
Headers\PR_Public.h,424,22,1,0,0
Effect\Portable\Portable.cpp,393,0,7,9,0
Effect\Convolutrix\Convolutrix_Strings.h,18,0,2,0,0
Effect\SmartyPants\SmartyPants_Strings.h,19,0,2,0,0
Effect\Transformer\Transformer_Strings.h,19,0,2,0,0
Effect\Resizer\Resizer_Strings.h,20,0,2,0,0
Headers\AE_EffectUI.h,604,4,1,0,2
UI\Custom_ECW_UI\Custom_ECW_UI_Strings.h,21,0,2,0,0
Headers\SP\SPConfig.h,76,8,0,0,0
UI\ColorGrid\ColorGrid_UI_Handler.cpp,527,0,11,1,0
Effect\Portable\Portable_Strings.h,23,0,2,0,0
AEGP\Mangler\Mangler.h,50,0,0,6,0
Effect\Convolutrix\Convolutrix.cpp,344,0,4,9,0
Headers\PrSDKPixelFormat.h,160,0,0,1,1
Headers\AEFX_SuiteHandlerTemplate.h,116,0,4,1,0
Effect\Paramarama\Paramarama_Strings.h,27,0,2,0,0
Headers\SuiteHelper.h,97,0,4,0,0
AEGP\Panelator\Mac\PanelatorUI_Plat.h,42,0,1,3,0
Template\Skeleton\Skeleton.cpp,294,0,4,6,0
UI\CCU\CCU.cpp,381,0,3,10,0
AEGP\Panelator\Win\PanelatorUI_Plat.h,46,0,1,3,0
Effect\PathMaster\PathMaster_Strings.cpp,33,0,2,0,0
Headers\AE_EffectGPUSuites.h,245,4,4,0,0
AEGP\Panelator\Mac\PanelatorUI_Plat.cpp,50,0,1,3,0
Effect\Paramarama\Paramarama.cpp,372,0,3,9,0
AEGP\Artie\Artie_vector.h,124,8,0,0,0
Headers\SimpleSuiteHelper.h,75,0,3,0,0
Util\AEFX_SuiteHelper.h,157,0,4,1,0
AEGP\Commando\Commando.h,54,0,1,3,0
UI\CCU\CCU_Strings.h,36,0,2,0,0
AEGP\Panelator\Win\PanelatorUI_Plat.cpp,160,0,3,3,0
GPUUtils\PrGPU\KernelSupport\KernelCore.h,834,22,0,0,0
Effect\Portable\Portable_Strings.cpp,39,0,2,0,0
UI\Custom_ECW_UI\Custom_ECW_UIUI.cpp,336,0,6,1,0
Headers\SP\SPTypes.h,150,8,0,0,0
UI\CCU\CCU_Strings.cpp,44,0,2,0,0
Effect\Transformer\Transformer_Strings.cpp,47,0,2,0,0
UI\Custom_ECW_UI\Custom_ECW_UI_Strings.cpp,48,0,2,0,0
Effect\SmartyPants\SmartyPants_Strings.cpp,48,0,2,0,0
Headers\SP\SPHost.h,170,8,0,0,0
Headers\AE_EffectCB.h,1276,22,1,0,0
Effect\Convolutrix\Convolutrix_Strings.cpp,50,0,2,0,0
UI\Supervisor\Supervisor_Strings.h,51,0,2,0,0
Effect\Resizer\Resizer_Strings.cpp,52,0,2,0,0
AEGP\Streamie\Streamie.h,32,0,0,3,0
Effect\SDK_Backwards\SDK_Backwards.cpp,364,0,1,9,0
AEGP\Text_Twiddler\Text_Twiddler.h,35,0,0,3,0
AEGP\Grabba\Grabba.h,37,0,0,3,0
Effect\Paramarama\Paramarama_Strings.cpp,64,0,2,0,0
AEGP\Easy_Cheese\Easy_Cheese.h,38,0,0,3,0
AEGP\Sweetie\Sweetie.h,40,0,1,1,0
UI\Supervisor\Supervisor_Strings.cpp,74,0,2,0,0
Effect\PathMaster\PathMaster.h,133,0,2,1,0
Effect\Checkout\Checkout.h,89,0,2,0,0
Headers\AEConfig.h,94,4,0,0,0
UI\CCU\CCU_UI.cpp,637,0,5,1,0
Util\DirectXUtils.cpp,359,8,0,0,0
AEGP\Queuebert\QueueBert.h,31,0,0,2,0
Headers\AE_ChannelSuites.h,586,0,5,0,0
Headers\SP\artemis\config\platform.hpp,307,7,0,0,0
AEGP\FBIO\FBIO.h,69,0,0,3,0
AEGP\IO\IO.h,100,0,0,3,0
AEGP\Persisto\Persisto.h,50,0,0,2,0
AEGP\Panelator\Panelator.h,53,0,0,2,0
AEGP\Projector\Projector.h,54,0,0,2,0
AEGP\Artie\Artie.h,115,0,0,3,0
AEGP\ProjDumper\ProjDumper.h,57,0,0,2,0
AEGP\Sweetie\Win\Sweetie_PiPL.rc,100,0,1,0,0
AEGP\Persisto\Win\Persisto_PiPL.rc,101,0,1,0,0
Effect\SDK_Noise\SDK_Noise.h,108,0,0,2,0
Util\Param_Utils.h,405,4,0,0,0
UI\Supervisor\Supervisor.h,135,0,0,2,0
Headers\AE_Hook.h,155,0,1,0,0
Util\MissingSuiteError.cpp,44,0,0,1,0
UI\HistoGrid\HistoGrid.h,196,0,0,2,0
UI\ColorGrid\ColorGrid_Arb_Handler.cpp,451,0,1,1,0
Effect\Portable\Portable.h,88,0,0,1,0
UI\Custom_ECW_UI\Custom_ECW_UI.h,97,0,0,1,0
Effect\Shifter\Shifter.h,99,0,0,1,0
Effect\Resizer\Resizer.h,100,0,0,1,0
Effect\Transformer\Transformer.h,100,0,0,1,0
Effect\Convolutrix\Convolutrix.h,102,0,0,1,0
Template\Skeleton\Skeleton.h,108,0,0,1,0
Effect\Paramarama\Paramarama.h,118,0,0,1,0
Headers\PT_Public.h,120,0,0,1,0
Effect\SmartyPants\SmartyPants.h,150,0,0,1,0
UI\CCU\CCU.h,214,0,0,1,0
UI\ColorGrid\ColorGrid.h,249,0,0,1,0
GPUUtils\CreateCString.py,57,0,0,0,0
GPUUtils\ParseHLSL.py,174,0,0,0,0
Headers\AE_CreatorInfo.h,55,0,0,0,0
Headers\AE_EffectPixelFormat.h,112,0,0,0,0
Headers\AE_EffectVers.h,17,0,0,0,0
Headers\AE_GeneralPlugPost.h,28,0,0,0,0
Headers\AE_GeneralPlugPre.h,27,0,0,0,0
Headers\AE_IO_ColorMetadata.h,56,0,0,0,0
Headers\AE_IO_FileExt.h,32,0,0,0,0
Headers\AE_Macros.h,101,0,0,0,0
Headers\Mach-O_prefix.h,1,0,0,0,0
Resources\AE_General.r,573,0,0,0,0
Resources\Mach-O_prefix.h,1,0,0,0,0
Util\AEFX_ArbParseHelper.c,171,0,0,0,0
Util\AEFX_ArbParseHelper.h,75,0,0,0,0
Util\AEFX_ChannelDepthTpl.h,59,0,0,0,0
Util\DirectXUtils.h,113,0,0,0,0
Util\entry.h,69,0,0,0,0
Util\Smart_Utils.cpp,62,0,0,0,0
Util\Smart_Utils.h,34,0,0,0,0
Util\String_Utils.c,6,0,0,0,0
Util\String_Utils.h,48,0,0,0,0
UI\CCU\CCU_PiPL.r,70,0,0,0,0
UI\ColorGrid\ColorGridPiPL.r,70,0,0,0,0
UI\Custom_ECW_UI\Custom_ECW_UIPiPL.r,72,0,0,0,0
UI\HistoGrid\HistoGridPiPL.r,69,0,0,0,0
UI\Supervisor\SupervisorPiPL.r,70,0,0,0,0
UI\Custom_ECW_UI\Win\resource.h,15,0,0,0,0
Template\Skeleton\SkeletonPiPL.r,71,0,0,0,0
Template\Skeleton\Skeleton_Strings.cpp,44,0,0,0,0
Template\Skeleton\Skeleton_Strings.h,31,0,0,0,0
Headers\SP\PSIntTypes.h,79,0,0,0,0
Headers\SP\SPEDebug.c,1,0,0,0,0
Headers\adobesdk\config\AdobesdkTypes.h,74,0,0,0,0
Headers\adobesdk\config\PostConfig.h,2,0,0,0,0
Headers\adobesdk\config\PreConfig.h,6,0,0,0,0
Headers\adobesdk\drawbotsuite\DrawbotSuiteTypes.h,164,0,0,0,0
GPUUtils\PrGPU\KernelSupport\FloatingPoint.h,282,0,0,0,0
GPUUtils\PrGPU\KernelSupport\KernelHalf.h,137,0,0,0,0
GPUUtils\PrGPU\KernelSupport\KernelMemory.h,280,0,0,0,0
GPUUtils\PrGPU\KernelSupport\KernelWrapper.h,243,0,0,0,0
GP\EMP\EMP.cpp,74,0,0,0,0
GP\EMP\EMP.h,66,0,0,0,0
GP\EMP\EMP_PiPL.r,37,0,0,0,0
GP\EMP\Win\resource.h,15,0,0,0,0
Effect\Checkout\CheckoutPiPL.r,71,0,0,0,0
Effect\Convolutrix\ConvolutrixPiPL.r,69,0,0,0,0
Effect\Gamma_Table\Gamma_Table.h,85,0,0,0,0
Effect\Gamma_Table\Gamma_TablePiPL.r,71,0,0,0,0
Effect\Paramarama\ParamaramaPiPL.r,69,0,0,0,0
Effect\PathMaster\PathMasterPiPL.r,70,0,0,0,0
Effect\Portable\PortablePiPL.r,72,0,0,0,0
Effect\Resizer\ResizerPiPL.r,71,0,0,0,0
Effect\SDK_Backwards\AEFX_SND_Stuff.cpp,66,0,0,0,0
Effect\SDK_Backwards\SDK_Backwards.h,110,0,0,0,0
Effect\SDK_Backwards\SDK_BackwardsPiPL.r,70,0,0,0,0
Effect\SDK_Invert_ProcAmp\SDK_Invert_ProcAmpPiPL.r,69,0,0,0,0
Effect\SDK_Invert_ProcAmp\SDK_Invert_ProcAmp_Kernel.chlsl,14,0,0,0,0
Effect\SDK_Invert_ProcAmp\SDK_Invert_ProcAmp_Kernel.cl,14,0,0,0,0
Effect\SDK_Invert_ProcAmp\SDK_Invert_ProcAmp_Kernel.cu,116,0,0,0,0
Effect\SDK_Noise\SDK_NoisePiPL.r,69,0,0,0,0
Effect\Shifter\ShifterPiPL.r,70,0,0,0,0
Effect\SmartyPants\SmartyPantsPiPL.r,71,0,0,0,0
Effect\Transformer\TransformerPiPL.r,71,0,0,0,0
AEGP\Artie\Artie_PiPL.r,37,0,0,0,0
AEGP\Commando\Commando_PiPL.r,33,0,0,0,0
AEGP\Commando\Commando_Strings.cpp,42,0,0,0,0
AEGP\Commando\Commando_Strings.h,2,0,0,0,0
AEGP\Easy_Cheese\Easy_Cheese_PiPL.r,37,0,0,0,0
AEGP\Easy_Cheese\Easy_Cheese_Strings.cpp,45,0,0,0,0
AEGP\Easy_Cheese\Easy_Cheese_Strings.h,35,0,0,0,0
AEGP\FBIO\FBIO_PiPL.r,37,0,0,0,0
AEGP\Grabba\Grabba_PiPL.r,36,0,0,0,0
AEGP\Grabba\Grabba_Strings.cpp,43,0,0,0,0
AEGP\Grabba\Grabba_Strings.h,12,0,0,0,0
AEGP\IO\IO_PiPL.r,37,0,0,0,0
AEGP\Mangler\Mangler_PiPL.r,36,0,0,0,0
AEGP\Mangler\Mangler_Strings.cpp,29,0,0,0,0
AEGP\Mangler\Mangler_Strings.h,18,0,0,0,0
AEGP\Panelator\Panelator_PiPL.r,36,0,0,0,0
AEGP\Panelator\Panelator_Strings.cpp,42,0,0,0,0
AEGP\Panelator\PT_Err.h,24,0,0,0,0
AEGP\Persisto\Persisto_PiPL.r,36,0,0,0,0
AEGP\Persisto\Persisto_Strings.cpp,41,0,0,0,0
AEGP\Persisto\Persisto_Strings.h,18,0,0,0,0
AEGP\ProjDumper\ProjDumper_PiPL.r,37,0,0,0,0
AEGP\Projector\Projector_PiPL.r,36,0,0,0,0
AEGP\Queuebert\QueueBert_PiPL.r,36,0,0,0,0
AEGP\Queuebert\QueueBert_Strings.cpp,39,0,0,0,0
AEGP\Queuebert\QueueBert_Strings.h,19,0,0,0,0
AEGP\Streamie\Streamie_PiPL.r,35,0,0,0,0
AEGP\Streamie\Streamie_Strings.cpp,22,0,0,0,0
AEGP\Streamie\Streamie_Strings.h,15,0,0,0,0
AEGP\Sweetie\Sweetie_PiPL.r,37,0,0,0,0
AEGP\Text_Twiddler\Text_Twiddler_PiPL.r,36,0,0,0,0
AEGP\Text_Twiddler\Text_Twiddler_Strings.cpp,22,0,0,0,0
AEGP\Text_Twiddler\Text_Twiddler_Strings.h,14,0,0,0,0
AEGP\Text_Twiddler\Win\resource.h,15,0,0,0,0
AEGP\Sweetie\Win\resource.h,15,0,0,0,0
AEGP\Streamie\Win\resource.h,15,0,0,0,0
AEGP\Streamie\Win\Streamie_PiPL.rc,100,0,0,0,0
AEGP\Queuebert\Win\Queuebert_PiPL.rc,100,0,0,0,0
AEGP\Queuebert\Win\resource.h,15,0,0,0,0
AEGP\Projector\Win\Projector_PiPL.rc,102,0,0,0,0
AEGP\Projector\Win\Projector_PiPL_temp.rc,42,0,0,0,0
AEGP\Projector\Win\resource.h,15,0,0,0,0
AEGP\Persisto\Win\resource.h,15,0,0,0,0
AEGP\Panelator\Win\Panelator_PiPL.rc,42,0,0,0,0
AEGP\Mangler\Win\Mangler_PiPL.rc,2,0,0,0,0
AEGP\Mangler\Win\resource.h,15,0,0,0,0
AEGP\IO\Win\IO_PiPL.rc,100,0,0,0,0
AEGP\IO\Win\resource.h,15,0,0,0,0
AEGP\FBIO\Win\FBIO_PiPL.rc,2,0,0,0,0
AEGP\FBIO\Win\resource.h,15,0,0,0,0
AEGP\Artie\Win\resource.h,15,0,0,0,0
